{
    "parent": "item/handheld",
    "textures": {
        "layer0": "items/diamond_sword"
    },
	"overrides": [
		{ "predicate": {"damaged": 0, "damage": 0}, "model": "item/diamond_sword"},
		{ "predicate": {"damaged": 0, "damage": 0.9916720051249199}, "model": "item/model/sword_scabbard"},
		{ "predicate": {"damaged": 0, "damage": 0.9923126201153107}, "model": "item/model/sword_off"},
		{ "predicate": {"damaged": 0, "damage": 0.9929532351057015}, "model": "item/model/sword_on"},
		{ "predicate": {"damaged": 0, "damage": 0.9935938500960922}, "model": "item/model/w_pistol_ori"},
		{ "predicate": {"damaged": 0, "damage": 0.994234465086483}, "model": "item/model/sword_fire_off"},
		{ "predicate": {"damaged": 0, "damage": 0.9948750800768738}, "model": "item/model/sword_fire_on"},
		{ "predicate": {"damaged": 0, "damage": 0.9955156950672646}, "model": "item/model/pistol_ran"},
		{ "predicate": {"damaged": 0, "damage": 0.9961563100576553}, "model": "item/model/pistol_gra"},
		{ "predicate": {"damaged": 0, "damage": 0.9967969250480461}, "model": "item/model/pistol"},
		{ "predicate": {"damaged": 0, "damage": 0.9974375400384369}, "model": "item/model/sword_magi_off"},
		{ "predicate": {"damaged": 0, "damage": 0.9980781550288277}, "model": "item/model/sword_magi_on"},
		{ "predicate": {"damaged": 0, "damage": 0.9987187700192184}, "model": "item/model/sniper_aiming"},
		{ "predicate": {"damaged": 0, "damage": 0.9993593850096092}, "model": "item/model/sniper"},
		{ "predicate": {"damaged": 0, "damage": 1.0}, "model": "item/diamond_sword"},
		{ "predicate": {"damaged": 1, "damage": 0}, "model": "item/diamond_sword"}
	]
}
