{
    "parent": "item/handheld",
    "textures": {
        "layer0": "items/wood_sword"
    },
	"overrides": [
		{ "predicate": {"damaged": 0, "damage": 0}, "model": "item/wooden_sword"},
		{ "predicate": {"damaged": 0, "damage": 0.0169491525423729}, "model": "block/bigsign_unavailable"},
		{ "predicate": {"damaged": 0, "damage": 0.0338983050847458}, "model": "block/bigsign_staff_only"},
		{ "predicate": {"damaged": 0, "damage": 0.0508474576271186}, "model": "item/wooden_sword"},
		{ "predicate": {"damaged": 0, "damage": 0.0847457627118644}, "model": "item/wooden_sword"},
		{ "predicate": {"damaged": 0, "damage": 0.1016949152542373}, "model": "item/wooden_sword"},
		{ "predicate": {"damaged": 0, "damage": 0.1186440677966102}, "model": "block/sign_gfplz"},
		{ "predicate": {"damaged": 0, "damage": 0.1355932203389831}, "model": "block/sign_bfplz"},
		{ "predicate": {"damaged": 0, "damage": 0.1525423728813559}, "model": "block/sign_fplz"},
		{ "predicate": {"damaged": 0, "damage": 0.1694915254237288}, "model": "block/sign_nf"},
		{ "predicate": {"damaged": 0, "damage": 0.1864406779661017}, "model": "item/wooden_sword"},
		{ "predicate": {"damaged": 0, "damage": 0.2033898305084746}, "model": "block/sign_staff"},
		{ "predicate": {"damaged": 0, "damage": 0.2203389830508475}, "model": "block/sign_oktw"},
		{ "predicate": {"damaged": 0, "damage": 0.2372881355932203}, "model": "item/wooden_sword"},
		{ "predicate": {"damaged": 0, "damage": 0.2542372881355932}, "model": "item/wooden_sword"},
		{ "predicate": {"damaged": 0, "damage": 0.2711864406779661}, "model": "item/wooden_sword"},
		{ "predicate": {"damaged": 0, "damage": 0.8474576271186441}, "model": "item/wooden_sword"},
		{ "predicate": {"damaged": 0, "damage": 0.8644067796610169}, "model": "item/wooden_sword"},
		{ "predicate": {"damaged": 0, "damage": 0.8813559322033898}, "model": "item/wooden_sword"},
		{ "predicate": {"damaged": 0, "damage": 0.8983050847457627}, "model": "item/wooden_sword"},
		{ "predicate": {"damaged": 0, "damage": 0.9152542372881356}, "model": "item/wooden_sword"},
		{ "predicate": {"damaged": 0, "damage": 0.9322033898305085}, "model": "item/wooden_sword"},
		{ "predicate": {"damaged": 0, "damage": 0.9491525423728814}, "model": "item/wooden_sword"},
		{ "predicate": {"damaged": 0, "damage": 0.9661016949152542}, "model": "block/elevator"},
		{ "predicate": {"damaged": 0, "damage": 0.9830508474576271}, "model": "block/ht_crafting_table"},
		{ "predicate": {"damaged": 1, "damage": 0}, "model": "item/wooden_sword"}
	]
}
