{
	"credit": "Made with Blockbench, a free, modern block model editor by JannisX11, model design by bill96012",
	"textures": {
		"0": "custom/concrete_yellow",
		"1": "custom/quartz_block_chiseled_top",
		"2": "custom/hardened_clay",
		"3": "custom/redstone_block",
		"5": "custom/quartz_block_top",
		"6": "custom/obsidian",
		"particle": "custom/quartz_block_top"
	},
	"elements": [
		{
			"from": [5.49265, 7.73676, 5.49265],
			"to": [5.74265, 7.98676, 10.24265],
			"faces": {
				"north": {"uv": [1, 0, 2, 1], "texture": "#6"},
				"east": {"uv": [1, 0, 2, 16], "texture": "#6"},
				"south": {"uv": [1, 0, 2, 16], "texture": "#6"},
				"west": {"uv": [1, 0, 2, 16], "texture": "#6", "rotation": 90},
				"up": {"uv": [1, 0, 2, 16], "texture": "#6"},
				"down": {"uv": [1, 0, 2, 16], "texture": "#6"}
			}
		},
		{
			"from": [10.24265, 7.73676, 5.74265],
			"to": [10.49265, 7.98676, 10.49265],
			"faces": {
				"north": {"uv": [0, 14, 16, 15], "texture": "#6"},
				"east": {"uv": [0, 14, 16, 15], "texture": "#6"},
				"south": {"uv": [0, 14, 1, 15], "texture": "#6"},
				"west": {"uv": [0, 14, 16, 15], "texture": "#6"},
				"up": {"uv": [0, 14, 16, 15], "texture": "#6", "rotation": 90},
				"down": {"uv": [0, 14, 16, 15], "texture": "#6", "rotation": 90}
			}
		},
		{
			"from": [5.49265, 7.73676, 10.24265],
			"to": [10.24265, 7.98676, 10.49265],
			"faces": {
				"north": {"uv": [0, 14, 16, 15], "texture": "#6"},
				"east": {"uv": [0, 14, 16, 15], "texture": "#6"},
				"south": {"uv": [0, 14, 16, 15], "texture": "#6"},
				"west": {"uv": [0, 14, 1, 15], "texture": "#6"},
				"up": {"uv": [0, 14, 16, 15], "texture": "#6"},
				"down": {"uv": [0, 14, 16, 15], "texture": "#6"}
			}
		},
		{
			"from": [5.74265, 7.73676, 5.49265],
			"to": [10.49265, 7.98676, 5.74265],
			"faces": {
				"north": {"uv": [1, 1, 16, 2], "texture": "#6"},
				"east": {"uv": [1, 1, 2, 2], "texture": "#6"},
				"south": {"uv": [1, 1, 16, 2], "texture": "#6"},
				"west": {"uv": [1, 1, 16, 2], "texture": "#6"},
				"up": {"uv": [1, 1, 16, 2], "texture": "#6"},
				"down": {"uv": [1, 1, 16, 2], "texture": "#6"}
			}
		},
		{
			"from": [5.74265, 7.73676, 5.74265],
			"to": [10.24265, 7.98676, 10.24265],
			"faces": {
				"north": {"uv": [0, 0, 5, 0.25], "texture": "#2"},
				"east": {"uv": [0, 0, 5, 0.25], "texture": "#2"},
				"south": {"uv": [0, 0, 5, 0.25], "texture": "#2"},
				"west": {"uv": [0, 0, 5, 0.25], "texture": "#2"},
				"up": {"uv": [1, 1, 15, 15], "texture": "#2"},
				"down": {"uv": [1, 1, 15, 15], "texture": "#2"}
			}
		},
		{
			"from": [5.56765, 7.98676, 8.49265],
			"to": [6.81765, 8.03676, 8.54265],
			"faces": {
				"north": {"uv": [0, 0, 1, 12], "texture": "#3"},
				"east": {"uv": [0, 0, 1, 12], "texture": "#3"},
				"south": {"uv": [0, 0, 1, 12], "texture": "#3"},
				"west": {"uv": [0, 0, 1, 12], "texture": "#3"},
				"up": {"uv": [0, 0, 1, 12], "texture": "#3"},
				"down": {"uv": [0, 0, 1, 12], "texture": "#3"}
			}
		},
		{
			"from": [5.56765, 7.98676, 8.24265],
			"to": [6.81765, 8.03676, 8.29265],
			"faces": {
				"north": {"uv": [0, 0, 1, 12], "texture": "#3"},
				"east": {"uv": [0, 0, 1, 12], "texture": "#3"},
				"south": {"uv": [0, 0, 1, 12], "texture": "#3"},
				"west": {"uv": [0, 0, 1, 12], "texture": "#3"},
				"up": {"uv": [0, 0, 1, 12], "texture": "#3"},
				"down": {"uv": [0, 0, 1, 12], "texture": "#3"}
			}
		},
		{
			"from": [5.56765, 7.98676, 7.99265],
			"to": [6.81765, 8.03676, 8.04265],
			"faces": {
				"north": {"uv": [0, 0, 1, 12], "texture": "#3"},
				"east": {"uv": [0, 0, 1, 12], "texture": "#3"},
				"south": {"uv": [0, 0, 1, 12], "texture": "#3"},
				"west": {"uv": [0, 0, 1, 12], "texture": "#3"},
				"up": {"uv": [0, 0, 1, 12], "texture": "#3"},
				"down": {"uv": [0, 0, 1, 12], "texture": "#3"}
			}
		},
		{
			"from": [5.56765, 7.98676, 7.74265],
			"to": [6.81765, 8.03676, 7.79265],
			"faces": {
				"north": {"uv": [0, 0, 1, 12], "texture": "#3"},
				"east": {"uv": [0, 0, 1, 12], "texture": "#3"},
				"south": {"uv": [0, 0, 1, 12], "texture": "#3"},
				"west": {"uv": [0, 0, 1, 12], "texture": "#3"},
				"up": {"uv": [0, 0, 1, 12], "texture": "#3"},
				"down": {"uv": [0, 0, 1, 12], "texture": "#3"}
			}
		},
		{
			"from": [9.16765, 7.98676, 8.49265],
			"to": [10.41765, 8.03676, 8.54265],
			"faces": {
				"north": {"uv": [0, 0, 1, 12], "texture": "#3"},
				"east": {"uv": [0, 0, 1, 12], "texture": "#3"},
				"south": {"uv": [0, 0, 1, 12], "texture": "#3"},
				"west": {"uv": [0, 0, 1, 12], "texture": "#3"},
				"up": {"uv": [0, 0, 1, 12], "texture": "#3"},
				"down": {"uv": [0, 0, 1, 12], "texture": "#3"}
			}
		},
		{
			"from": [9.16765, 7.98676, 8.24265],
			"to": [10.41765, 8.03676, 8.29265],
			"faces": {
				"north": {"uv": [0, 0, 1, 12], "texture": "#3"},
				"east": {"uv": [0, 0, 1, 12], "texture": "#3"},
				"south": {"uv": [0, 0, 1, 12], "texture": "#3"},
				"west": {"uv": [0, 0, 1, 12], "texture": "#3"},
				"up": {"uv": [0, 0, 1, 12], "texture": "#3"},
				"down": {"uv": [0, 0, 1, 12], "texture": "#3"}
			}
		},
		{
			"from": [9.16765, 7.98676, 7.99265],
			"to": [10.41765, 8.03676, 8.04265],
			"faces": {
				"north": {"uv": [0, 0, 1, 12], "texture": "#3"},
				"east": {"uv": [0, 0, 1, 12], "texture": "#3"},
				"south": {"uv": [0, 0, 1, 12], "texture": "#3"},
				"west": {"uv": [0, 0, 1, 12], "texture": "#3"},
				"up": {"uv": [0, 0, 1, 12], "texture": "#3"},
				"down": {"uv": [0, 0, 1, 12], "texture": "#3"}
			}
		},
		{
			"from": [9.16765, 7.98676, 7.74265],
			"to": [10.41765, 8.03676, 7.79265],
			"faces": {
				"north": {"uv": [0, 0, 1, 12], "texture": "#3"},
				"east": {"uv": [0, 0, 1, 12], "texture": "#3"},
				"south": {"uv": [0, 0, 1, 12], "texture": "#3"},
				"west": {"uv": [0, 0, 1, 12], "texture": "#3"},
				"up": {"uv": [0, 0, 1, 12], "texture": "#3"},
				"down": {"uv": [0, 0, 1, 12], "texture": "#3"}
			}
		},
		{
			"from": [9.16765, 7.98676, 7.49265],
			"to": [10.41765, 8.03676, 7.54265],
			"faces": {
				"north": {"uv": [0, 0, 1, 12], "texture": "#3"},
				"east": {"uv": [0, 0, 1, 12], "texture": "#3"},
				"south": {"uv": [0, 0, 1, 12], "texture": "#3"},
				"west": {"uv": [0, 0, 1, 12], "texture": "#3"},
				"up": {"uv": [0, 0, 1, 12], "texture": "#3"},
				"down": {"uv": [0, 0, 1, 12], "texture": "#3"}
			}
		},
		{
			"from": [5.56765, 7.98676, 7.49265],
			"to": [6.81765, 8.03676, 7.54265],
			"faces": {
				"north": {"uv": [0, 0, 1, 12], "texture": "#3"},
				"east": {"uv": [0, 0, 1, 12], "texture": "#3"},
				"south": {"uv": [0, 0, 1, 12], "texture": "#3"},
				"west": {"uv": [0, 0, 1, 12], "texture": "#3"},
				"up": {"uv": [0, 0, 1, 12], "texture": "#3"},
				"down": {"uv": [0, 0, 1, 12], "texture": "#3"}
			}
		},
		{
			"from": [8.96765, 7.98676, 7.24265],
			"to": [9.16765, 8.06176, 8.74265],
			"faces": {
				"north": {"uv": [0, 15, 15, 16], "texture": "#0"},
				"east": {"uv": [15, 1, 16, 16], "texture": "#0"},
				"south": {"uv": [0, 15, 15, 16], "texture": "#0"},
				"west": {"uv": [15, 1, 16, 16], "texture": "#0"},
				"up": {"uv": [0, 0, 15, 15], "texture": "#0"},
				"down": {"uv": [0, 0, 2, 2], "texture": "#0"}
			}
		},
		{
			"from": [6.81765, 7.98676, 7.24265],
			"to": [7.01765, 8.06176, 8.74265],
			"faces": {
				"north": {"uv": [0, 15, 15, 16], "texture": "#0"},
				"east": {"uv": [15, 1, 16, 16], "texture": "#0"},
				"south": {"uv": [0, 15, 15, 16], "texture": "#0"},
				"west": {"uv": [15, 1, 16, 16], "texture": "#0"},
				"up": {"uv": [0, 0, 15, 15], "texture": "#0"},
				"down": {"uv": [0, 0, 2, 2], "texture": "#0"}
			}
		},
		{
			"from": [7.24265, 7.93676, 6.86765],
			"to": [8.74265, 8.18676, 7.11765],
			"rotation": {"angle": 45, "axis": "x", "origin": [7.99265, 8.06176, 6.99265]},
			"faces": {
				"north": {"uv": [0, 0, 0.25, 1.5], "texture": "#0"},
				"east": {"uv": [0, 0, 0.25, 1.5], "texture": "#0"},
				"south": {"uv": [0, 0, 0.25, 1.5], "texture": "#0"},
				"west": {"uv": [0, 0, 0.25, 1.5], "texture": "#0"},
				"up": {"uv": [0, 0, 0.25, 1.5], "texture": "#0"},
				"down": {"uv": [0, 0, 0.25, 1.5], "texture": "#0"}
			}
		},
		{
			"from": [7.24265, 7.93676, 8.86765],
			"to": [8.74265, 8.18676, 9.11765],
			"rotation": {"angle": 45, "axis": "x", "origin": [7.99265, 8.06176, 8.99265]},
			"faces": {
				"north": {"uv": [0, 0, 0.25, 1.5], "texture": "#0"},
				"east": {"uv": [0, 0, 0.25, 1.5], "texture": "#0"},
				"south": {"uv": [0, 0, 0.25, 1.5], "texture": "#0"},
				"west": {"uv": [0, 0, 0.25, 1.5], "texture": "#0"},
				"up": {"uv": [0, 0, 0.25, 1.5], "texture": "#0"},
				"down": {"uv": [0, 0, 0.25, 1.5], "texture": "#0"}
			}
		},
		{
			"from": [7.24265, 7.98676, 8.91765],
			"to": [8.74265, 8.06176, 9.16765],
			"faces": {
				"north": {"uv": [0, 15, 15, 16], "texture": "#0"},
				"east": {"uv": [15, 1, 16, 16], "texture": "#0"},
				"south": {"uv": [0, 15, 15, 16], "texture": "#0"},
				"west": {"uv": [15, 1, 16, 16], "texture": "#0"},
				"up": {"uv": [0, 0, 15, 15], "texture": "#0"},
				"down": {"uv": [0, 0, 2, 2], "texture": "#0"}
			}
		},
		{
			"from": [7.24265, 7.98676, 6.81765],
			"to": [8.74265, 8.06176, 7.06765],
			"faces": {
				"north": {"uv": [0, 15, 15, 16], "texture": "#0"},
				"east": {"uv": [15, 1, 16, 16], "texture": "#0"},
				"south": {"uv": [0, 15, 15, 16], "texture": "#0"},
				"west": {"uv": [15, 1, 16, 16], "texture": "#0"},
				"up": {"uv": [0, 0, 15, 15], "texture": "#0"},
				"down": {"uv": [0, 0, 2, 2], "texture": "#0"}
			}
		},
		{
			"from": [8.49265, 7.98676, 9.16765],
			"to": [8.54265, 8.03676, 10.41765],
			"faces": {
				"north": {"uv": [0, 0, 1, 12], "texture": "#3"},
				"east": {"uv": [0, 0, 1, 12], "texture": "#3"},
				"south": {"uv": [0, 0, 1, 12], "texture": "#3"},
				"west": {"uv": [0, 0, 1, 12], "texture": "#3"},
				"up": {"uv": [0, 0, 1, 12], "texture": "#3"},
				"down": {"uv": [0, 0, 1, 12], "texture": "#3"}
			}
		},
		{
			"from": [8.24265, 7.98676, 9.16765],
			"to": [8.29265, 8.03676, 10.41765],
			"faces": {
				"north": {"uv": [0, 0, 1, 12], "texture": "#3"},
				"east": {"uv": [0, 0, 1, 12], "texture": "#3"},
				"south": {"uv": [0, 0, 1, 12], "texture": "#3"},
				"west": {"uv": [0, 0, 1, 12], "texture": "#3"},
				"up": {"uv": [0, 0, 1, 12], "texture": "#3"},
				"down": {"uv": [0, 0, 1, 12], "texture": "#3"}
			}
		},
		{
			"from": [7.99265, 7.98676, 9.16765],
			"to": [8.04265, 8.03676, 10.41765],
			"faces": {
				"north": {"uv": [0, 0, 1, 12], "texture": "#3"},
				"east": {"uv": [0, 0, 1, 12], "texture": "#3"},
				"south": {"uv": [0, 0, 1, 12], "texture": "#3"},
				"west": {"uv": [0, 0, 1, 12], "texture": "#3"},
				"up": {"uv": [0, 0, 1, 12], "texture": "#3"},
				"down": {"uv": [0, 0, 1, 12], "texture": "#3"}
			}
		},
		{
			"from": [7.74265, 7.98676, 9.16765],
			"to": [7.79265, 8.03676, 10.41765],
			"faces": {
				"north": {"uv": [0, 0, 1, 12], "texture": "#3"},
				"east": {"uv": [0, 0, 1, 12], "texture": "#3"},
				"south": {"uv": [0, 0, 1, 12], "texture": "#3"},
				"west": {"uv": [0, 0, 1, 12], "texture": "#3"},
				"up": {"uv": [0, 0, 1, 12], "texture": "#3"},
				"down": {"uv": [0, 0, 1, 12], "texture": "#3"}
			}
		},
		{
			"from": [8.49265, 7.98676, 5.56765],
			"to": [8.54265, 8.03676, 6.81765],
			"faces": {
				"north": {"uv": [0, 0, 1, 12], "texture": "#3"},
				"east": {"uv": [0, 0, 1, 12], "texture": "#3"},
				"south": {"uv": [0, 0, 1, 12], "texture": "#3"},
				"west": {"uv": [0, 0, 1, 12], "texture": "#3"},
				"up": {"uv": [0, 0, 1, 12], "texture": "#3"},
				"down": {"uv": [0, 0, 1, 12], "texture": "#3"}
			}
		},
		{
			"from": [8.24265, 7.98676, 5.56765],
			"to": [8.29265, 8.03676, 6.81765],
			"faces": {
				"north": {"uv": [0, 0, 1, 12], "texture": "#3"},
				"east": {"uv": [0, 0, 1, 12], "texture": "#3"},
				"south": {"uv": [0, 0, 1, 12], "texture": "#3"},
				"west": {"uv": [0, 0, 1, 12], "texture": "#3"},
				"up": {"uv": [0, 0, 1, 12], "texture": "#3"},
				"down": {"uv": [0, 0, 1, 12], "texture": "#3"}
			}
		},
		{
			"from": [7.99265, 7.98676, 5.56765],
			"to": [8.04265, 8.03676, 6.81765],
			"faces": {
				"north": {"uv": [0, 0, 1, 12], "texture": "#3"},
				"east": {"uv": [0, 0, 1, 12], "texture": "#3"},
				"south": {"uv": [0, 0, 1, 12], "texture": "#3"},
				"west": {"uv": [0, 0, 1, 12], "texture": "#3"},
				"up": {"uv": [0, 0, 1, 12], "texture": "#3"},
				"down": {"uv": [0, 0, 1, 12], "texture": "#3"}
			}
		},
		{
			"from": [7.74265, 7.98676, 5.56765],
			"to": [7.79265, 8.03676, 6.81765],
			"faces": {
				"north": {"uv": [0, 0, 1, 12], "texture": "#3"},
				"east": {"uv": [0, 0, 1, 12], "texture": "#3"},
				"south": {"uv": [0, 0, 1, 12], "texture": "#3"},
				"west": {"uv": [0, 0, 1, 12], "texture": "#3"},
				"up": {"uv": [0, 0, 1, 12], "texture": "#3"},
				"down": {"uv": [0, 0, 1, 12], "texture": "#3"}
			}
		},
		{
			"from": [7.49265, 7.98676, 5.56765],
			"to": [7.54265, 8.03676, 6.81765],
			"faces": {
				"north": {"uv": [0, 0, 1, 12], "texture": "#3"},
				"east": {"uv": [0, 0, 1, 12], "texture": "#3"},
				"south": {"uv": [0, 0, 1, 12], "texture": "#3"},
				"west": {"uv": [0, 0, 1, 12], "texture": "#3"},
				"up": {"uv": [0, 0, 1, 12], "texture": "#3"},
				"down": {"uv": [0, 0, 1, 12], "texture": "#3"}
			}
		},
		{
			"from": [7.49265, 7.98676, 9.16765],
			"to": [7.54265, 8.03676, 10.41765],
			"faces": {
				"north": {"uv": [0, 0, 1, 12], "texture": "#3"},
				"east": {"uv": [0, 0, 1, 12], "texture": "#3"},
				"south": {"uv": [0, 0, 1, 12], "texture": "#3"},
				"west": {"uv": [0, 0, 1, 12], "texture": "#3"},
				"up": {"uv": [0, 0, 1, 12], "texture": "#3"},
				"down": {"uv": [0, 0, 1, 12], "texture": "#3"}
			}
		},
		{
			"from": [6.99265, 7.98676, 6.99265],
			"to": [8.99265, 8.23676, 8.99265],
			"faces": {
				"north": {"uv": [0, 15, 15, 16], "texture": "#5"},
				"east": {"uv": [15, 1, 16, 16], "texture": "#5"},
				"south": {"uv": [0, 15, 15, 16], "texture": "#5"},
				"west": {"uv": [15, 1, 16, 16], "texture": "#5"},
				"up": {"uv": [0, 0, 15, 15], "texture": "#1"},
				"down": {"uv": [0, 0, 2, 2], "texture": "#5"}
			}
		},
		{
			"from": [8.86765, 7.93676, 7.24265],
			"to": [9.11765, 8.18676, 8.74265],
			"rotation": {"angle": 45, "axis": "z", "origin": [8.99265, 8.06176, 7.99265]},
			"faces": {
				"north": {"uv": [0, 0, 0.25, 0.25], "texture": "#0"},
				"east": {"uv": [0, 0, 1.5, 0.25], "texture": "#0"},
				"south": {"uv": [0, 0, 0.25, 0.25], "texture": "#0"},
				"west": {"uv": [0, 0, 1.5, 0.25], "texture": "#0"},
				"up": {"uv": [0, 0, 0.25, 1.5], "texture": "#0"},
				"down": {"uv": [0, 0, 0.25, 1.5], "texture": "#0"}
			}
		},
		{
			"from": [6.86765, 7.93676, 7.24265],
			"to": [7.11765, 8.18676, 8.74265],
			"rotation": {"angle": 45, "axis": "z", "origin": [6.99265, 8.06176, 7.99265]},
			"faces": {
				"north": {"uv": [0, 0, 0.25, 0.25], "texture": "#0"},
				"east": {"uv": [0, 0, 1.5, 0.25], "texture": "#0"},
				"south": {"uv": [0, 0, 0.25, 0.25], "texture": "#0"},
				"west": {"uv": [0, 0, 1.5, 0.25], "texture": "#0"},
				"up": {"uv": [0, 0, 0.25, 1.5], "texture": "#0"},
				"down": {"uv": [0, 0, 0.25, 1.5], "texture": "#0"}
			}
		}
	],
	"display": {
		"thirdperson_righthand": {
			"translation": [0, 2, 1.5],
			"rotation": [90, 0, 0]
		},
		"thirdperson_lefthand": {
			"rotation": [90, 0, 0],
			"translation": [0, 2, 1.5]
		},
		"firstperson_righthand": {
			"translation": [0, 4, 0],
			"rotation": [65, 0, 75],
			"scale": [1.65, 1.65, 1.65]
		},
		"firstperson_lefthand": {
			"rotation": [65, 0, 75],
			"translation": [0, 4, 0],
			"scale": [1.65, 1.65, 1.65]
		},
		"head": {
			"scale": [2, 2, 2],
			"translation": [0, 0, -21],
			"rotation": [-90, 0, 0]
		},
		"ground": {
			"scale": [1.1, 1.1, 1.1],
			"translation": [0, 0, 0]
		},
		"fixed": {
			"scale": [2.5, 2.5, 2.5],
			"translation": [0, 0, 0],
			"rotation": [-90, 0, 0]
		},
		"gui": {
			"scale": [3, 3, 3],
			"translation": [0, 0, 0],
			"rotation": [0, 75, 75]
		}
	}
}