{
	"credit": "Made with Blockbench, a free, modern block model editor by JannisX11",
	"textures": {
		"1": "custom/obsidian",
		"2": "custom/iron_block",
		"3": "custom/redstone_block"
	},
	"elements": [
		{
			"name": "cube",
			"from": [7.5, 6.5, 7.25],
			"to": [8.5, 6.85, 7.75],
			"faces": {
				"north": {"uv": [7, 6, 9, 8], "texture": "#2"},
				"east": {"uv": [7, 6, 9, 8], "texture": "#2"},
				"south": {"uv": [7, 6, 9, 8], "texture": "#2"},
				"west": {"uv": [7, 6, 9, 8], "texture": "#2"},
				"up": {"uv": [7, 6, 9, 8], "texture": "#2"},
				"down": {"uv": [7, 6, 9, 8], "texture": "#2"}
			}
		},
		{
			"name": "cube",
			"from": [7.5, 6.5, 8.25],
			"to": [8.5, 6.85, 8.75],
			"faces": {
				"north": {"uv": [7, 6, 9, 8], "texture": "#2"},
				"east": {"uv": [7, 6, 9, 8], "texture": "#2"},
				"south": {"uv": [7, 6, 9, 8], "texture": "#2"},
				"west": {"uv": [7, 6, 9, 8], "texture": "#2"},
				"up": {"uv": [7, 6, 9, 8], "texture": "#2"},
				"down": {"uv": [7, 6, 9, 8], "texture": "#2"}
			}
		},
		{
			"name": "cube",
			"from": [6.75, 1.25, 8.75],
			"to": [7.25, 5.75, 9.25],
			"faces": {
				"north": {"uv": [0, 0, 0.5, 4.5], "texture": "#1"},
				"east": {"uv": [0, 0, 0.5, 4.5], "texture": "#1"},
				"south": {"uv": [0, 0, 0.5, 4.5], "texture": "#1"},
				"west": {"uv": [0, 0, 0.5, 4.5], "texture": "#1"},
				"up": {"uv": [0, 0, 0.5, 0.5], "texture": "#1"},
				"down": {"uv": [0, 0, 0.5, 0.5], "texture": "#1"}
			}
		},
		{
			"name": "cube",
			"from": [6.75, 1.25, 6.75],
			"to": [7.25, 5.75, 7.25],
			"faces": {
				"north": {"uv": [0, 0, 0.5, 4.5], "texture": "#1"},
				"east": {"uv": [0, 0, 0.5, 4.5], "texture": "#1"},
				"south": {"uv": [0, 0, 0.5, 4.5], "texture": "#1"},
				"west": {"uv": [0, 0, 0.5, 4.5], "texture": "#1"},
				"up": {"uv": [0, 0, 0.5, 0.5], "texture": "#1"},
				"down": {"uv": [0, 0, 0.5, 0.5], "texture": "#1"}
			}
		},
		{
			"name": "cube",
			"from": [8.75, 1.25, 6.75],
			"to": [9.25, 5.75, 7.25],
			"faces": {
				"north": {"uv": [0, 0, 0.5, 4.5], "texture": "#1"},
				"east": {"uv": [0, 0, 0.5, 4.5], "texture": "#1"},
				"south": {"uv": [0, 0, 0.5, 4.5], "texture": "#1"},
				"west": {"uv": [0, 0, 0.5, 4.5], "texture": "#1"},
				"up": {"uv": [0, 0, 0.5, 0.5], "texture": "#1"},
				"down": {"uv": [0, 0, 0.5, 0.5], "texture": "#1"}
			}
		},
		{
			"name": "cube",
			"from": [8.75, 1.25, 8.75],
			"to": [9.25, 5.75, 9.25],
			"faces": {
				"north": {"uv": [0, 0, 0.5, 4.5], "texture": "#1"},
				"east": {"uv": [0, 0, 0.5, 4.5], "texture": "#1"},
				"south": {"uv": [0, 0, 0.5, 4.5], "texture": "#1"},
				"west": {"uv": [0, 0, 0.5, 4.5], "texture": "#1"},
				"up": {"uv": [0, 0, 0.5, 0.5], "texture": "#1"},
				"down": {"uv": [0, 0, 0.5, 0.5], "texture": "#1"}
			}
		},
		{
			"name": "cube",
			"from": [7, 1.25, 7],
			"to": [9, 5.75, 9],
			"faces": {
				"north": {"uv": [5, 1, 12, 15], "texture": "#3"},
				"east": {"uv": [5, 1, 12, 15], "texture": "#3"},
				"south": {"uv": [5, 1, 12, 15], "texture": "#3"},
				"west": {"uv": [5, 1, 12, 15], "texture": "#3"},
				"up": {"uv": [5, 1, 12, 15], "texture": "#3"},
				"down": {"uv": [5, 1, 12, 15], "texture": "#3"}
			}
		},
		{
			"name": "cube",
			"from": [6.75, 0.5, 6.75],
			"to": [9.25, 1.25, 9.25],
			"faces": {
				"north": {"uv": [0, 0, 2.5, 0.75], "texture": "#1"},
				"east": {"uv": [0, 0, 2.5, 0.75], "texture": "#1"},
				"south": {"uv": [0, 0, 2.5, 0.75], "texture": "#1"},
				"west": {"uv": [0, 0, 2.5, 0.75], "texture": "#1"},
				"up": {"uv": [0, 0, 2.5, 2.5], "texture": "#1"},
				"down": {"uv": [0, 0, 2.5, 2.5], "texture": "#1"}
			}
		},
		{
			"name": "cube",
			"from": [6.75, 5.75, 6.75],
			"to": [9.25, 6.5, 9.25],
			"faces": {
				"north": {"uv": [0, 0, 2.5, 0.75], "texture": "#1"},
				"east": {"uv": [0, 0, 2.5, 0.75], "texture": "#1"},
				"south": {"uv": [0, 0, 2.5, 0.75], "texture": "#1"},
				"west": {"uv": [0, 0, 2.5, 0.75], "texture": "#1"},
				"up": {"uv": [5, 7, 8, 10], "texture": "#1"},
				"down": {"uv": [0, 0, 2.5, 2.5], "texture": "#1"}
			}
		}
	],
	"display": {
		"thirdperson_righthand": {
			"scale": [0.5, 0.5, 0.5],
			"translation": [0, 2.75, 1.5],
			"rotation": [0, 90, 0]
		},
		"thirdperson_lefthand": {
			"scale": [0.5, 0.5, 0.5],
			"rotation": [0, 90, 0],
			"translation": [0, 3, 1.5]
		},
		"firstperson_righthand": {"translation": [3, 6, 0]},
		"firstperson_lefthand": {"translation": [3, 6, 0]},
		"head": {"translation": [0, 13.5, 0]},
		"ground": {"translation": [0, 5, 0]},
		"fixed": {
			"scale": [2, 2, 2],
			"translation": [0, 8.5, 0]
		},
		"gui": {
			"scale": [2, 2, 2],
			"rotation": [15, 45, 0],
			"translation": [0, 8.5, 0]
		}
	}
}