{
	"credit": "Made with Blockbench, a free, modern block model editor by JannisX11, model design by bill96012",
	"textures": {
		"0": "custom/hardened_clay",
		"1": "custom/lapis_block",
		"2": "custom/concrete_silver",
		"6": "custom/obsidian",
		"particle": "custom/lapis_block"
	},
	"elements": [
		{
			"from": [5.75, 7.94375, 6.5],
			"to": [7, 8.19375, 7],
			"faces": {
				"north": {"uv": [1, 1, 15, 3], "texture": "#2"},
				"east": {"uv": [1, 1, 15, 3], "texture": "#2"},
				"south": {"uv": [1, 1, 15, 3], "texture": "#2"},
				"west": {"uv": [1, 1, 15, 3], "texture": "#2"},
				"up": {"uv": [1, 1, 15, 7], "texture": "#2"},
				"down": {"uv": [1, 1, 15, 15], "texture": "#2"}
			}
		},
		{
			"from": [9, 7.94375, 9],
			"to": [10.25, 8.19375, 9.5],
			"faces": {
				"north": {"uv": [1, 1, 15, 3], "texture": "#2"},
				"east": {"uv": [1, 1, 15, 3], "texture": "#2"},
				"south": {"uv": [1, 1, 15, 3], "texture": "#2"},
				"west": {"uv": [1, 1, 15, 3], "texture": "#2"},
				"up": {"uv": [1, 1, 15, 7], "texture": "#2"},
				"down": {"uv": [1, 1, 15, 15], "texture": "#2"}
			}
		},
		{
			"from": [9.5, 7.94375, 7],
			"to": [10, 8.19375, 7.75],
			"faces": {
				"north": {"uv": [1, 1, 15, 3], "texture": "#2"},
				"east": {"uv": [1, 1, 15, 3], "texture": "#2"},
				"south": {"uv": [1, 1, 15, 3], "texture": "#2"},
				"west": {"uv": [1, 1, 15, 3], "texture": "#2"},
				"up": {"uv": [1, 1, 7, 7], "texture": "#2"},
				"down": {"uv": [1, 1, 15, 15], "texture": "#2"}
			}
		},
		{
			"from": [6, 7.94375, 8.25],
			"to": [6.5, 8.19375, 9],
			"faces": {
				"north": {"uv": [1, 1, 15, 3], "texture": "#2"},
				"east": {"uv": [1, 1, 15, 3], "texture": "#2"},
				"south": {"uv": [1, 1, 15, 3], "texture": "#2"},
				"west": {"uv": [1, 1, 15, 3], "texture": "#2"},
				"up": {"uv": [1, 1, 7, 7], "texture": "#2"},
				"down": {"uv": [1, 1, 15, 15], "texture": "#2"}
			}
		},
		{
			"from": [6, 7.94375, 9],
			"to": [7, 8.19375, 9.5],
			"faces": {
				"north": {"uv": [1, 1, 15, 3], "texture": "#2"},
				"east": {"uv": [1, 1, 15, 3], "texture": "#2"},
				"south": {"uv": [1, 1, 15, 3], "texture": "#2"},
				"west": {"uv": [1, 1, 15, 3], "texture": "#2"},
				"up": {"uv": [1, 1, 15, 7], "texture": "#2"},
				"down": {"uv": [1, 1, 15, 15], "texture": "#2"}
			}
		},
		{
			"from": [6, 7.94375, 7.75],
			"to": [7, 8.19375, 8.25],
			"faces": {
				"north": {"uv": [1, 1, 15, 3], "texture": "#2"},
				"east": {"uv": [1, 1, 15, 3], "texture": "#2"},
				"south": {"uv": [1, 1, 15, 3], "texture": "#2"},
				"west": {"uv": [1, 1, 15, 3], "texture": "#2"},
				"up": {"uv": [1, 1, 15, 7], "texture": "#2"},
				"down": {"uv": [1, 1, 15, 15], "texture": "#2"}
			}
		},
		{
			"from": [9, 7.94375, 7.75],
			"to": [10, 8.19375, 8.25],
			"faces": {
				"north": {"uv": [1, 1, 15, 3], "texture": "#2"},
				"east": {"uv": [1, 1, 15, 3], "texture": "#2"},
				"south": {"uv": [1, 1, 15, 3], "texture": "#2"},
				"west": {"uv": [1, 1, 15, 3], "texture": "#2"},
				"up": {"uv": [1, 1, 15, 7], "texture": "#2"},
				"down": {"uv": [1, 1, 15, 15], "texture": "#2"}
			}
		},
		{
			"from": [9, 7.94375, 6.5],
			"to": [10, 8.19375, 7],
			"faces": {
				"north": {"uv": [1, 1, 15, 3], "texture": "#2"},
				"east": {"uv": [1, 1, 15, 3], "texture": "#2"},
				"south": {"uv": [1, 1, 15, 3], "texture": "#2"},
				"west": {"uv": [1, 1, 15, 3], "texture": "#2"},
				"up": {"uv": [1, 1, 15, 7], "texture": "#2"},
				"down": {"uv": [1, 1, 15, 15], "texture": "#2"}
			}
		},
		{
			"from": [7, 7.94375, 8.75],
			"to": [9, 8.29375, 9.75],
			"faces": {
				"north": {"uv": [1, 1, 15, 4], "texture": "#1"},
				"east": {"uv": [1, 1, 15, 4], "texture": "#1"},
				"south": {"uv": [1, 1, 15, 4], "texture": "#1"},
				"west": {"uv": [1, 1, 15, 4], "texture": "#1"},
				"up": {"uv": [1, 1, 15, 9], "texture": "#1"},
				"down": {"uv": [1, 1, 15, 15], "texture": "#1"}
			}
		},
		{
			"from": [7, 7.94375, 7.5],
			"to": [9, 8.29375, 8.5],
			"faces": {
				"north": {"uv": [1, 1, 15, 4], "texture": "#1"},
				"east": {"uv": [1, 1, 15, 4], "texture": "#1"},
				"south": {"uv": [1, 1, 15, 4], "texture": "#1"},
				"west": {"uv": [1, 1, 15, 4], "texture": "#1"},
				"up": {"uv": [1, 1, 15, 9], "texture": "#1"},
				"down": {"uv": [1, 1, 15, 15], "texture": "#1"}
			}
		},
		{
			"from": [7, 7.94375, 6.25],
			"to": [9, 8.29375, 7.25],
			"faces": {
				"north": {"uv": [1, 1, 15, 4], "texture": "#1"},
				"east": {"uv": [1, 1, 15, 4], "texture": "#1"},
				"south": {"uv": [1, 1, 15, 4], "texture": "#1"},
				"west": {"uv": [1, 1, 15, 4], "texture": "#1"},
				"up": {"uv": [1, 1, 15, 9], "texture": "#1"},
				"down": {"uv": [1, 1, 15, 15], "texture": "#1"}
			}
		},
		{
			"from": [5.75, 7.69375, 5.75],
			"to": [10.25, 7.94375, 10.25],
			"faces": {
				"north": {"uv": [0, 0, 4.5, 0.25], "texture": "#0"},
				"east": {"uv": [0, 0, 4.5, 0.25], "texture": "#0"},
				"south": {"uv": [0, 0, 4.5, 0.25], "texture": "#0"},
				"west": {"uv": [0, 0, 4.5, 0.25], "texture": "#0"},
				"up": {"uv": [1, 1, 5.5, 5.5], "texture": "#0"},
				"down": {"uv": [1, 1, 5.5, 5.5], "texture": "#0"}
			}
		},
		{
			"from": [5.75, 7.69375, 5.5],
			"to": [10.5, 7.94375, 5.75],
			"faces": {
				"north": {"uv": [0, 1, 4.75, 1.25], "texture": "#6"},
				"east": {"uv": [0, 1, 0.25, 1.25], "texture": "#6"},
				"south": {"uv": [0, 1, 4.75, 1.25], "texture": "#6"},
				"west": {"uv": [0, 1, 0.25, 1.25], "texture": "#6"},
				"up": {"uv": [0, 1, 4.75, 1.25], "texture": "#6"},
				"down": {"uv": [0, 1, 4.75, 1.25], "texture": "#6"}
			}
		},
		{
			"from": [5.5, 7.69375, 5.5],
			"to": [5.75, 7.94375, 10.25],
			"faces": {
				"north": {"uv": [0, 14, 0.25, 14.25], "texture": "#6"},
				"east": {"uv": [0, 14, 4.75, 14.25], "texture": "#6"},
				"south": {"uv": [0, 14, 0.25, 14.25], "texture": "#6"},
				"west": {"uv": [0, 14, 4.75, 14.25], "texture": "#6"},
				"up": {"uv": [0, 14, 4.75, 14.25], "texture": "#6", "rotation": 90},
				"down": {"uv": [0, 14, 4.75, 14.25], "texture": "#6", "rotation": 90}
			}
		},
		{
			"from": [5.5, 7.69375, 10.25],
			"to": [10.25, 7.94375, 10.5],
			"faces": {
				"north": {"uv": [0, 14, 4.75, 14.25], "texture": "#6"},
				"east": {"uv": [0, 14, 0.25, 14.25], "texture": "#6"},
				"south": {"uv": [0, 14, 4.75, 14.25], "texture": "#6"},
				"west": {"uv": [0, 14, 0.25, 14.25], "texture": "#6"},
				"up": {"uv": [0, 14, 4.75, 14.25], "texture": "#6"},
				"down": {"uv": [0, 14, 4.75, 14.25], "texture": "#6"}
			}
		},
		{
			"from": [10.25, 7.69375, 5.75],
			"to": [10.5, 7.94375, 10.5],
			"faces": {
				"north": {"uv": [0, 14, 0.25, 14.25], "texture": "#6"},
				"east": {"uv": [0, 14, 4.75, 14.25], "texture": "#6"},
				"south": {"uv": [0, 14, 0.25, 14.25], "texture": "#6"},
				"west": {"uv": [0, 14, 4.75, 14.25], "texture": "#6"},
				"up": {"uv": [0, 14, 4.75, 14.25], "texture": "#6", "rotation": 90},
				"down": {"uv": [0, 14, 4.75, 14.25], "texture": "#6", "rotation": 90}
			}
		}
	],
	"display": {
		"thirdperson_righthand": {
			"translation": [0, 2, 1.5],
			"rotation": [90, 0, 0]
		},
		"thirdperson_lefthand": {
			"rotation": [90, 0, 0],
			"translation": [0, 2, 1.5]
		},
		"firstperson_righthand": {
			"translation": [0, 4, 0],
			"rotation": [65, 0, 75],
			"scale": [1.65, 1.65, 1.65]
		},
		"firstperson_lefthand": {
			"rotation": [65, 0, 75],
			"translation": [0, 4, 0],
			"scale": [1.65, 1.65, 1.65]
		},
		"head": {
			"scale": [2.5, 2.5, 2.5],
			"translation": [0, 7.25, 0],
			"rotation": [0, 0, 0]
		},
		"ground": {
			"scale": [1.1, 1.1, 1.1],
			"translation": [0, 0, 0]
		},
		"fixed": {
			"scale": [2.5, 2.5, 2.5],
			"translation": [0, 0, 0],
			"rotation": [-90, 0, 0]
		},
		"gui": {
			"scale": [3, 3, 3],
			"translation": [0, 0, 0],
			"rotation": [0, 75, 75]
		}
	},
	"groups": [0, 1, 2, 3, 4, 5, 6, 7, 8, 9, 10,
		{
			"name": "group",
			"isOpen": true,
			"shade": true,
			"display": {
				"visibility": true,
				"autouv": true
			},
			"children": [11, 12, 13, 14, 15]
		}
	]
}