{
	"credit": "Made with Blockbench, a free, modern block model editor by JannisX11",
	"textures": {
		"0": "custom/concrete_yellow",
		"1": "custom/concrete_silver",
		"2": "custom/concrete_white",
		"particle": "custom/concrete_yellow"
	},
	"elements": [
		{
			"name": "cube",
			"from": [6.5, 1, 7.5],
			"to": [6.75, 1.5, 8.25],
			"faces": {
				"north": {"uv": [0, 0, 0.25, 0.5], "texture": "#1"},
				"east": {"uv": [0, 0, 0.75, 0.5], "texture": "#1"},
				"south": {"uv": [0, 0, 0.25, 0.5], "texture": "#1"},
				"west": {"uv": [0, 0, 0.75, 0.5], "texture": "#1"},
				"up": {"uv": [0, 0, 0.25, 0.75], "texture": "#1"},
				"down": {"uv": [0, 0, 0.25, 0.75], "texture": "#1"}
			}
		},
		{
			"name": "cube",
			"from": [6.5, 2, 7.5],
			"to": [7.5, 6, 8.25],
			"faces": {
				"north": {"uv": [0, 0, 1, 4], "texture": "#1"},
				"east": {"uv": [0, 0, 0.75, 4], "texture": "#1"},
				"south": {"uv": [0, 0, 1, 4], "texture": "#1"},
				"west": {"uv": [0, 0, 0.75, 4], "texture": "#1"},
				"up": {"uv": [0, 0, 1, 0.75], "texture": "#1"},
				"down": {"uv": [0, 0, 1, 0.75], "texture": "#1"}
			}
		},
		{
			"name": "cube",
			"from": [7.5, 2, 7.75],
			"to": [8.25, 5, 8],
			"faces": {
				"north": {"uv": [0, 0, 0.75, 3], "texture": "#0"},
				"east": {"uv": [0, 0, 0.25, 3], "texture": "#0"},
				"south": {"uv": [0, 0, 0.75, 3], "texture": "#0"},
				"west": {"uv": [0, 0, 0.25, 3], "texture": "#0"},
				"up": {"uv": [0, 0, 0.75, 0.25], "texture": "#0"},
				"down": {"uv": [0, 0, 0.75, 0.25], "texture": "#0"}
			}
		},
		{
			"name": "cube",
			"from": [6.75, 1, 7.5],
			"to": [9.5, 1.5, 8.25],
			"faces": {
				"north": {"uv": [0, 0, 2.75, 0.5], "texture": "#2"},
				"east": {"uv": [0, 0, 0.75, 0.5], "texture": "#2"},
				"south": {"uv": [0, 0, 2.75, 0.5], "texture": "#2"},
				"west": {"uv": [0, 0, 0.75, 0.5], "texture": "#2"},
				"up": {"uv": [0, 0, 2.75, 0.75], "texture": "#2"},
				"down": {"uv": [0, 0, 2.75, 0.75], "texture": "#2"}
			}
		},
		{
			"name": "cube",
			"from": [6.5, 1.5, 7.5],
			"to": [9.5, 2, 8.25],
			"faces": {
				"north": {"uv": [0, 0, 3, 0.5], "texture": "#1"},
				"east": {"uv": [0, 0, 0.75, 0.5], "texture": "#1"},
				"south": {"uv": [0, 0, 3, 0.5], "texture": "#1"},
				"west": {"uv": [0, 0, 0.75, 0.5], "texture": "#1"},
				"up": {"uv": [0, 0, 3, 0.75], "texture": "#1"},
				"down": {"uv": [0, 0, 3, 0.75], "texture": "#1"}
			}
		},
		{
			"name": "cube",
			"from": [6.5, 0, 7.5],
			"to": [9.5, 1, 8.25],
			"faces": {
				"north": {"uv": [0, 0, 3, 1], "texture": "#1"},
				"east": {"uv": [0, 0, 0.75, 1], "texture": "#1"},
				"south": {"uv": [0, 0, 3, 1], "texture": "#1"},
				"west": {"uv": [0, 0, 0.75, 1], "texture": "#1"},
				"up": {"uv": [0, 0, 3, 0.75], "texture": "#1"},
				"down": {"uv": [0, 0, 3, 0.75], "texture": "#1"}
			}
		},
		{
			"name": "cube",
			"from": [7.5, 5, 7.5],
			"to": [9.5, 6, 8.25],
			"faces": {
				"north": {"uv": [0, 0, 2, 1], "texture": "#1"},
				"east": {"uv": [0, 0, 0.75, 1], "texture": "#1"},
				"south": {"uv": [0, 0, 2, 1], "texture": "#1"},
				"west": {"uv": [0, 0, 0.75, 1], "texture": "#1"},
				"up": {"uv": [0, 0, 2, 0.75], "texture": "#1"},
				"down": {"uv": [0, 0, 2, 0.75], "texture": "#1"}
			}
		}
	],
	"display": {
		"thirdperson_righthand": {
			"translation": [0, 7, 1],
			"rotation": [0, 0, 0]
		},
		"thirdperson_lefthand": {"translation": [0, 7, 1]},
		"firstperson_righthand": {
			"translation": [1, 8, 0],
			"rotation": [-15, 0, 0]
		},
		"firstperson_lefthand": {
			"rotation": [-15, 0, 0],
			"translation": [1, 8, 0]
		},
		"head": {"translation": [0, 0, -7]},
		"ground": {
			"scale": [1.1, 1.1, 1.1],
			"translation": [0, 5, 0]
		},
		"fixed": {
			"scale": [2, 2, 2],
			"translation": [0, 10, 0]
		},
		"gui": {
			"scale": [2, 2, 2],
			"translation": [-2, 9, 0],
			"rotation": [-25, 5, 15]
		}
	}
}