{
	"credit": "Made with Blockbench, a free, modern block model editor by JannisX11, model design by bill96012",
	"textures": {
		"0": "custom/concrete_black",
		"3": "custom/concrete_silver",
		"6": "custom/concrete_gray",
		"7": "custom/hardened_clay_stained_cyan"
	},
	"elements": [
		{
			"from": [7.25, 7, 13.75],
			"to": [8.5, 7.3, 16],
			"rotation": {"angle": 0, "axis": "x", "origin": [8, 14, 15.25]},
			"faces": {
				"north": {"uv": [0, 0, 1.25, 0.3], "texture": "#7"},
				"east": {"uv": [0, 0, 2.25, 0.3], "texture": "#7"},
				"south": {"uv": [0, 0, 1.25, 0.3], "texture": "#7"},
				"west": {"uv": [0, 0, 2.25, 0.3], "texture": "#7"},
				"up": {"uv": [0, 0, 1.25, 2.25], "texture": "#7"},
				"down": {"uv": [0, 0, 1.25, 2.25], "texture": "#7"}
			}
		},
		{
			"from": [7.25, 5.25, 15.5],
			"to": [8.5, 6.59, 16.5],
			"rotation": {"angle": 22.5, "axis": "x", "origin": [8, 12.75, 16.75]},
			"faces": {
				"north": {"uv": [0, 0, 1.25, 1.34], "texture": "#7"},
				"east": {"uv": [0, 0, 1, 1.34], "texture": "#7"},
				"south": {"uv": [0, 0, 1.25, 1.34], "texture": "#7"},
				"west": {"uv": [0, 0, 1, 1.34], "texture": "#7"},
				"up": {"uv": [0, 0, 1.25, 1], "texture": "#7"},
				"down": {"uv": [0, 0, 1.25, 1], "texture": "#7"}
			}
		},
		{
			"from": [8.5, 1.25, 10.25],
			"to": [8.6, 6, 12.5],
			"rotation": {"angle": -22.5, "axis": "x", "origin": [9.1, 9, 12.75]},
			"faces": {
				"north": {"uv": [0, 0, 0.1, 4.75], "texture": "#0"},
				"east": {"uv": [0, 0, 2.25, 4.75], "texture": "#0"},
				"south": {"uv": [0, 0, 0.1, 4.75], "texture": "#0"},
				"west": {"uv": [0, 0, 2.25, 4.75], "texture": "#0"},
				"up": {"uv": [0, 0, 0.1, 2.25], "texture": "#0"},
				"down": {"uv": [0, 0, 0.1, 2.25], "texture": "#0"}
			}
		},
		{
			"from": [8.5, 6, 10.25],
			"to": [8.6, 7.09, 12.5],
			"rotation": {"angle": -22.5, "axis": "x", "origin": [9.1, 9, 12.75]},
			"faces": {
				"north": {"uv": [0, 0, 0.1, 1.09], "texture": "#0"},
				"east": {"uv": [0, 0, 2.25, 1.09], "texture": "#0"},
				"south": {"uv": [0, 0, 0.1, 1.09], "texture": "#0"},
				"west": {"uv": [0, 0, 2.25, 1.09], "texture": "#0"},
				"up": {"uv": [0, 0, 0.1, 2.25], "texture": "#0"},
				"down": {"uv": [0, 0, 0.1, 2.25], "texture": "#0"}
			}
		},
		{
			"from": [7.15, 1.25, 10.25],
			"to": [7.25, 7.09, 12.5],
			"rotation": {"angle": -22.5, "axis": "x", "origin": [7.75, 9, 12.75]},
			"faces": {
				"north": {"uv": [0, 0, 0.1, 5.84], "texture": "#0"},
				"east": {"uv": [0, 0, 2.25, 5.84], "texture": "#0"},
				"south": {"uv": [0, 0, 0.1, 5.84], "texture": "#0"},
				"west": {"uv": [0, 0, 2.25, 5.84], "texture": "#0"},
				"up": {"uv": [0, 0, 0.1, 2.25], "texture": "#0"},
				"down": {"uv": [0, 0, 0.1, 2.25], "texture": "#0"}
			}
		},
		{
			"from": [7.15, 5.715, 14.711],
			"to": [8.6, 5.815, 14.911],
			"rotation": {"angle": 22.5, "axis": "x", "origin": [8, 8.775, 15.061]},
			"faces": {
				"north": {"uv": [0, 0, 1.45, 0.1], "texture": "#0"},
				"east": {"uv": [0, 0, 0.2, 0.1], "texture": "#0"},
				"south": {"uv": [0, 0, 1.45, 0.1], "texture": "#0"},
				"west": {"uv": [0, 0, 0.2, 0.1], "texture": "#0"},
				"up": {"uv": [0, 0, 1.45, 0.2], "texture": "#0"},
				"down": {"uv": [0, 0, 1.45, 0.2], "texture": "#0"}
			}
		},
		{
			"from": [7.15, 1.19, 12.5],
			"to": [8.6, 5.92, 12.6],
			"rotation": {"angle": -22.5, "axis": "x", "origin": [8, 9, 12.75]},
			"faces": {
				"north": {"uv": [0, 0, 1.45, 4.73], "texture": "#0"},
				"east": {"uv": [0, 0, 0.1, 4.73], "texture": "#0"},
				"south": {"uv": [0, 0, 1.45, 4.73], "texture": "#0"},
				"west": {"uv": [0, 0, 0.1, 4.73], "texture": "#0"},
				"up": {"uv": [0, 0, 1.45, 0.1], "texture": "#0"},
				"down": {"uv": [0, 0, 1.45, 0.1], "texture": "#0"}
			}
		},
		{
			"from": [7.15, 0.75, 13.25],
			"to": [7.25, 1.84, 15.5],
			"rotation": {"angle": 0, "axis": "x", "origin": [7.9, 8.5, 15.75]},
			"faces": {
				"north": {"uv": [0, 0, 0.1, 1.09], "texture": "#0"},
				"east": {"uv": [0, 0, 2.25, 1.09], "texture": "#0"},
				"south": {"uv": [0, 0, 0.1, 1.09], "texture": "#0"},
				"west": {"uv": [0, 0, 2.25, 1.09], "texture": "#0"},
				"up": {"uv": [0, 0, 0.1, 2.25], "texture": "#0"},
				"down": {"uv": [0, 0, 0.1, 2.25], "texture": "#0"}
			}
		},
		{
			"from": [7.15, 6.28, 11.175],
			"to": [7.25, 6.805, 12.425],
			"rotation": {"angle": 0, "axis": "x", "origin": [7.9, 13.25, 12.25]},
			"faces": {
				"north": {"uv": [0, 0, 0.1, 0.525], "texture": "#0"},
				"east": {"uv": [0, 0, 1.25, 0.525], "texture": "#0"},
				"south": {"uv": [0, 0, 0.1, 0.525], "texture": "#0"},
				"west": {"uv": [0, 0, 1.25, 0.525], "texture": "#0"},
				"up": {"uv": [0, 0, 0.1, 1.25], "texture": "#0"},
				"down": {"uv": [0, 0, 0.1, 1.25], "texture": "#0"}
			}
		},
		{
			"from": [8.5, 6.28, 11.175],
			"to": [8.6, 6.805, 12.425],
			"rotation": {"angle": 0, "axis": "x", "origin": [9.25, 13.25, 12.25]},
			"faces": {
				"north": {"uv": [0, 0, 0.1, 0.525], "texture": "#0"},
				"east": {"uv": [0, 0, 1.25, 0.525], "texture": "#0"},
				"south": {"uv": [0, 0, 0.1, 0.525], "texture": "#0"},
				"west": {"uv": [0, 0, 1.25, 0.525], "texture": "#0"},
				"up": {"uv": [0, 0, 0.1, 1.25], "texture": "#0"},
				"down": {"uv": [0, 0, 0.1, 1.25], "texture": "#0"}
			}
		},
		{
			"from": [7.15, 6.78, 12.425],
			"to": [7.25, 7.14, 13.25],
			"rotation": {"angle": 0, "axis": "x", "origin": [7.9, 13.75, 13.5]},
			"faces": {
				"north": {"uv": [0, 0, 0.1, 0.36], "texture": "#0"},
				"east": {"uv": [0, 0, 0.825, 0.36], "texture": "#0"},
				"south": {"uv": [0, 0, 0.1, 0.36], "texture": "#0"},
				"west": {"uv": [0, 0, 0.825, 0.36], "texture": "#0"},
				"up": {"uv": [0, 0, 0.1, 0.825], "texture": "#0"},
				"down": {"uv": [0, 0, 0.1, 0.825], "texture": "#0"}
			}
		},
		{
			"from": [8.5, 6.78, 12.425],
			"to": [8.6, 7.14, 13.25],
			"rotation": {"angle": 0, "axis": "x", "origin": [9.25, 13.75, 13.5]},
			"faces": {
				"north": {"uv": [0, 0, 0.1, 0.36], "texture": "#0"},
				"east": {"uv": [0, 0, 0.825, 0.36], "texture": "#0"},
				"south": {"uv": [0, 0, 0.1, 0.36], "texture": "#0"},
				"west": {"uv": [0, 0, 0.825, 0.36], "texture": "#0"},
				"up": {"uv": [0, 0, 0.1, 0.825], "texture": "#0"},
				"down": {"uv": [0, 0, 0.1, 0.825], "texture": "#0"}
			}
		},
		{
			"from": [8.5, 0.75, 13.25],
			"to": [8.6, 1.84, 15.5],
			"rotation": {"angle": 0, "axis": "x", "origin": [9.25, 8.5, 15.75]},
			"faces": {
				"north": {"uv": [0, 0, 0.1, 1.09], "texture": "#0"},
				"east": {"uv": [0, 0, 2.25, 1.09], "texture": "#0"},
				"south": {"uv": [0, 0, 0.1, 1.09], "texture": "#0"},
				"west": {"uv": [0, 0, 2.25, 1.09], "texture": "#0"},
				"up": {"uv": [0, 0, 0.1, 2.25], "texture": "#0"},
				"down": {"uv": [0, 0, 0.1, 2.25], "texture": "#0"}
			}
		},
		{
			"from": [7.15, 0.75, 15.5],
			"to": [8.6, 1.725, 15.6],
			"rotation": {"angle": 0, "axis": "x", "origin": [8, 8.5, 16]},
			"faces": {
				"north": {"uv": [0, 0, 1.45, 0.975], "texture": "#0"},
				"east": {"uv": [0, 0, 0.1, 0.975], "texture": "#0"},
				"south": {"uv": [0, 0, 1.45, 0.975], "texture": "#0"},
				"west": {"uv": [0, 0, 0.1, 0.975], "texture": "#0"},
				"up": {"uv": [0, 0, 1.45, 0.1], "texture": "#0"},
				"down": {"uv": [0, 0, 1.45, 0.1], "texture": "#0"}
			}
		},
		{
			"from": [7.25, 0.5, 13],
			"to": [8.5, 1.84, 15.5],
			"rotation": {"angle": 0, "axis": "x", "origin": [8, 8.5, 15.75]},
			"faces": {
				"north": {"uv": [0, 0, 1.25, 1.34], "texture": "#7"},
				"east": {"uv": [0, 0, 2.5, 1.34], "texture": "#7"},
				"south": {"uv": [0, 0, 1.25, 1.34], "texture": "#7"},
				"west": {"uv": [0, 0, 2.5, 1.34], "texture": "#7"},
				"up": {"uv": [0, 0, 1.25, 2.5], "texture": "#7"},
				"down": {"uv": [0, 0, 1.25, 2.5], "texture": "#7"}
			}
		},
		{
			"from": [7.25, 1.25, 10],
			"to": [8.5, 8.34, 12.5],
			"rotation": {"angle": -22.5, "axis": "x", "origin": [8, 9, 12.75]},
			"faces": {
				"north": {"uv": [0, 0, 1.25, 7.09], "texture": "#7"},
				"east": {"uv": [0, 0, 2.5, 7.09], "texture": "#7"},
				"south": {"uv": [0, 0, 1.25, 7.09], "texture": "#7"},
				"west": {"uv": [0, 0, 2.5, 7.09], "texture": "#7"},
				"up": {"uv": [0, 0, 1.25, 2.5], "texture": "#7"},
				"down": {"uv": [0, 0, 1.25, 2.5], "texture": "#7"}
			}
		},
		{
			"from": [7.3, 8.05, -1.5],
			"to": [7.55, 8.3, 8.4],
			"rotation": {"angle": 45, "axis": "z", "origin": [8.05, 9.25, 14], "rescale": true},
			"faces": {
				"north": {"uv": [0, 0, 0.25, 0.25], "texture": "#6"},
				"east": {"uv": [0, 0, 9.9, 0.25], "texture": "#6"},
				"south": {"uv": [0, 0, 0.25, 0.25], "texture": "#6"},
				"west": {"uv": [0, 0, 9.9, 0.25], "texture": "#6"},
				"up": {"uv": [0, 0, 0.25, 9.9], "texture": "#6"},
				"down": {"uv": [0, 0, 0.25, 9.9], "texture": "#6"}
			}
		},
		{
			"from": [6.05, 8.05, -1.5],
			"to": [6.3, 8.3, 8.4],
			"rotation": {"angle": 45, "axis": "z", "origin": [6.8, 9.25, 14], "rescale": true},
			"faces": {
				"north": {"uv": [0, 0, 0.25, 0.25], "texture": "#6"},
				"east": {"uv": [0, 0, 9.9, 0.25], "texture": "#6"},
				"south": {"uv": [0, 0, 0.25, 0.25], "texture": "#6"},
				"west": {"uv": [0, 0, 9.9, 0.25], "texture": "#6"},
				"up": {"uv": [0, 0, 0.25, 9.9], "texture": "#6"},
				"down": {"uv": [0, 0, 0.25, 9.9], "texture": "#6"}
			}
		},
		{
			"from": [7, 1.8, 9.35],
			"to": [8.75, 2.05, 9.6],
			"rotation": {"angle": 45, "axis": "x", "origin": [8, 3, 15.1], "rescale": true},
			"faces": {
				"north": {"uv": [0, 0, 1.75, 0.25], "texture": "#6"},
				"east": {"uv": [0, 0, 0.25, 0.25], "texture": "#6"},
				"south": {"uv": [0, 0, 1.75, 0.25], "texture": "#6"},
				"west": {"uv": [0, 0, 0.25, 0.25], "texture": "#6"},
				"up": {"uv": [0, 0, 1.75, 0.25], "texture": "#6"},
				"down": {"uv": [0, 0, 1.75, 0.25], "texture": "#6"}
			}
		},
		{
			"from": [7, 7.3, 8.4],
			"to": [8.75, 7.55, 15.434],
			"rotation": {"angle": 0, "axis": "y", "origin": [8, 8.5, 23.9]},
			"faces": {
				"north": {"uv": [0, 0, 1.75, 0.25], "texture": "#6"},
				"east": {"uv": [0, 0, 7.034, 0.25], "texture": "#6"},
				"south": {"uv": [0, 0, 1.75, 0.25], "texture": "#6"},
				"west": {"uv": [0, 0, 7.034, 0.25], "texture": "#6"},
				"up": {"uv": [0, 0, 1.75, 7.034], "texture": "#6"},
				"down": {"uv": [0, 0, 1.75, 7.034], "texture": "#6"}
			}
		},
		{
			"from": [7.25, 7.3, -1.5],
			"to": [8.5, 7.55, 8.4],
			"rotation": {"angle": 0, "axis": "y", "origin": [8, 8.5, 14]},
			"faces": {
				"north": {"uv": [0, 0, 1.25, 0.25], "texture": "#6"},
				"east": {"uv": [0, 0, 9.9, 0.25], "texture": "#6"},
				"south": {"uv": [0, 0, 1.25, 0.25], "texture": "#6"},
				"west": {"uv": [0, 0, 9.9, 0.25], "texture": "#6"},
				"up": {"uv": [0, 0, 1.25, 9.9], "texture": "#6"},
				"down": {"uv": [0, 0, 1.25, 9.9], "texture": "#6"}
			}
		},
		{
			"from": [7, -7.05, -0.7],
			"to": [8.75, -6.8, -0.45],
			"rotation": {"angle": 45, "axis": "x", "origin": [8, -6.25, 14.55], "rescale": true},
			"faces": {
				"north": {"uv": [0, 0, 1.75, 0.25], "texture": "#6"},
				"east": {"uv": [0, 0, 0.25, 0.25], "texture": "#6"},
				"south": {"uv": [0, 0, 1.75, 0.25], "texture": "#6"},
				"west": {"uv": [0, 0, 0.25, 0.25], "texture": "#6"},
				"up": {"uv": [0, 0, 1.75, 0.25], "texture": "#6"},
				"down": {"uv": [0, 0, 1.75, 0.25], "texture": "#6"}
			}
		},
		{
			"from": [7, 7.55, -1.5],
			"to": [8.75, 8.2, -1.25],
			"rotation": {"angle": 0, "axis": "y", "origin": [8, 8.75, 13.75]},
			"faces": {
				"north": {"uv": [0, 0, 1.75, 0.65], "texture": "#6"},
				"east": {"uv": [0, 0, 0.25, 0.65], "texture": "#6"},
				"south": {"uv": [0, 0, 1.75, 0.65], "texture": "#6"},
				"west": {"uv": [0, 0, 0.25, 0.65], "texture": "#6"},
				"up": {"uv": [0, 0, 1.75, 0.25], "texture": "#6"},
				"down": {"uv": [0, 0, 1.75, 0.25], "texture": "#6"}
			}
		},
		{
			"from": [7, 7.55, -1.25],
			"to": [8.75, 8.45, 9],
			"rotation": {"angle": 0, "axis": "y", "origin": [8, 8.75, 14]},
			"faces": {
				"north": {"uv": [0, 0, 1.75, 0.9], "texture": "#6"},
				"east": {"uv": [0, 0, 10.25, 0.9], "texture": "#6"},
				"south": {"uv": [0, 0, 1.75, 0.9], "texture": "#6"},
				"west": {"uv": [0, 0, 10.25, 0.9], "texture": "#6"},
				"up": {"uv": [0, 0, 1.75, 10.25], "texture": "#6"},
				"down": {"uv": [0, 0, 1.75, 10.25], "texture": "#6"}
			}
		},
		{
			"from": [7, 3.45, 9.7],
			"to": [8.75, 3.95, 10.2],
			"rotation": {"angle": 45, "axis": "x", "origin": [8, 4.65, 14.7], "rescale": true},
			"faces": {
				"north": {"uv": [0, 0, 1.75, 0.5], "texture": "#6"},
				"east": {"uv": [0, 0, 0.5, 0.5], "texture": "#6"},
				"south": {"uv": [0, 0, 1.75, 0.5], "texture": "#6"},
				"west": {"uv": [0, 0, 0.5, 0.5], "texture": "#6"},
				"up": {"uv": [0, 0, 1.75, 0.5], "texture": "#6"},
				"down": {"uv": [0, 0, 1.75, 0.5], "texture": "#6"}
			}
		},
		{
			"from": [7, 10.8, 13.9],
			"to": [8.75, 11.05, 14.15],
			"rotation": {"angle": 45, "axis": "x", "origin": [8, 10.7, 12.9], "rescale": true},
			"faces": {
				"north": {"uv": [0, 0, 1.75, 0.25], "texture": "#6"},
				"east": {"uv": [0, 0, 0.25, 0.25], "texture": "#6"},
				"south": {"uv": [0, 0, 1.75, 0.25], "texture": "#6"},
				"west": {"uv": [0, 0, 0.25, 0.25], "texture": "#6"},
				"up": {"uv": [0, 0, 1.75, 0.25], "texture": "#6"},
				"down": {"uv": [0, 0, 1.75, 0.25], "texture": "#6"}
			}
		},
		{
			"from": [8.35, 10.3, 9],
			"to": [8.6, 10.55, 12.75],
			"rotation": {"angle": 45, "axis": "z", "origin": [9.1, 10.45, 10.25], "rescale": true},
			"faces": {
				"north": {"uv": [0, 0, 0.25, 0.25], "texture": "#6"},
				"east": {"uv": [0, 0, 3.75, 0.25], "texture": "#6"},
				"south": {"uv": [0, 0, 0.25, 0.25], "texture": "#6"},
				"west": {"uv": [0, 0, 3.75, 0.25], "texture": "#6"},
				"up": {"uv": [0, 0, 0.25, 3.75], "texture": "#6"},
				"down": {"uv": [0, 0, 0.25, 3.75], "texture": "#6"}
			}
		},
		{
			"from": [7.1, 10.3, 9],
			"to": [7.35, 10.55, 12.75],
			"rotation": {"angle": 45, "axis": "z", "origin": [7.85, 10.45, 10.25], "rescale": true},
			"faces": {
				"north": {"uv": [0, 0, 0.25, 0.25], "texture": "#6"},
				"east": {"uv": [0, 0, 3.75, 0.25], "texture": "#6"},
				"south": {"uv": [0, 0, 0.25, 0.25], "texture": "#6"},
				"west": {"uv": [0, 0, 3.75, 0.25], "texture": "#6"},
				"up": {"uv": [0, 0, 0.25, 3.75], "texture": "#6"},
				"down": {"uv": [0, 0, 0.25, 3.75], "texture": "#6"}
			}
		},
		{
			"from": [7.25, 9.8, 9],
			"to": [8.5, 10.05, 12.75],
			"rotation": {"angle": 0, "axis": "y", "origin": [8, 9.95, 10.25]},
			"faces": {
				"north": {"uv": [0, 0, 1.25, 0.25], "texture": "#6"},
				"east": {"uv": [0, 0, 3.75, 0.25], "texture": "#6"},
				"south": {"uv": [0, 0, 1.25, 0.25], "texture": "#6"},
				"west": {"uv": [0, 0, 3.75, 0.25], "texture": "#6"},
				"up": {"uv": [0, 0, 1.25, 3.75], "texture": "#6"},
				"down": {"uv": [0, 0, 1.25, 3.75], "texture": "#6"}
			}
		},
		{
			"from": [7, 7.55, 9],
			"to": [8.75, 9.8, 12.5],
			"rotation": {"angle": 0, "axis": "y", "origin": [8, 9.45, 10.25]},
			"faces": {
				"north": {"uv": [0, 0, 1.75, 2.25], "texture": "#6"},
				"east": {"uv": [0, 0, 3.5, 2.25], "texture": "#6"},
				"south": {"uv": [0, 0, 1.75, 2.25], "texture": "#6"},
				"west": {"uv": [0, 0, 3.5, 2.25], "texture": "#6"},
				"up": {"uv": [0, 0, 1.75, 3.5], "texture": "#6"},
				"down": {"uv": [0, 0, 1.75, 3.5], "texture": "#6"}
			}
		},
		{
			"from": [7, 8.55, 11.9],
			"to": [8.75, 8.8, 12.15],
			"rotation": {"angle": 45, "axis": "x", "origin": [8, 8.2, 13.15], "rescale": true},
			"faces": {
				"north": {"uv": [0, 0, 1.75, 0.25], "texture": "#6"},
				"east": {"uv": [0, 0, 0.25, 0.25], "texture": "#6"},
				"south": {"uv": [0, 0, 1.75, 0.25], "texture": "#6"},
				"west": {"uv": [0, 0, 0.25, 0.25], "texture": "#6"},
				"up": {"uv": [0, 0, 1.75, 0.25], "texture": "#6"},
				"down": {"uv": [0, 0, 1.75, 0.25], "texture": "#6"}
			}
		},
		{
			"from": [7, 8.3, 14.25],
			"to": [8.75, 9.05, 14.75],
			"rotation": {"angle": 0, "axis": "y", "origin": [8, 10.2, 14.25]},
			"faces": {
				"north": {"uv": [0, 0, 1.75, 0.75], "texture": "#6"},
				"east": {"uv": [0, 0, 0.5, 0.75], "texture": "#6"},
				"south": {"uv": [0, 0, 1.75, 0.75], "texture": "#6"},
				"west": {"uv": [0, 0, 0.5, 0.75], "texture": "#6"},
				"up": {"uv": [0, 0, 1.75, 0.5], "texture": "#6"},
				"down": {"uv": [0, 0, 1.75, 0.5], "texture": "#6"}
			}
		},
		{
			"from": [7, 7.55, 14.25],
			"to": [8.75, 8.3, 15],
			"rotation": {"angle": 0, "axis": "y", "origin": [8, 9.45, 14.25]},
			"faces": {
				"north": {"uv": [0, 0, 1.75, 0.75], "texture": "#6"},
				"east": {"uv": [0, 0, 0.75, 0.75], "texture": "#6"},
				"south": {"uv": [0, 0, 1.75, 0.75], "texture": "#6"},
				"west": {"uv": [0, 0, 0.75, 0.75], "texture": "#6"},
				"up": {"uv": [0, 0, 1.75, 0.75], "texture": "#6"},
				"down": {"uv": [0, 0, 1.75, 0.75], "texture": "#6"}
			}
		},
		{
			"from": [7, 7.27, 14.133],
			"to": [8.75, 9.707, 14.733],
			"rotation": {"angle": -22.5, "axis": "x", "origin": [8, 9.17, 14.383]},
			"faces": {
				"north": {"uv": [0, 0, 1.75, 2.437], "texture": "#6"},
				"east": {"uv": [0, 0, 0.6, 2.437], "texture": "#6"},
				"south": {"uv": [0, 0, 1.75, 2.437], "texture": "#6"},
				"west": {"uv": [0, 0, 0.6, 2.437], "texture": "#6"},
				"up": {"uv": [0, 0, 1.75, 0.6], "texture": "#6"},
				"down": {"uv": [0, 0, 1.75, 0.6], "texture": "#6"}
			}
		},
		{
			"from": [7, 7.55, 12.5],
			"to": [8.75, 10.05, 14.25],
			"rotation": {"angle": 0, "axis": "y", "origin": [8, 9.45, 14]},
			"faces": {
				"north": {"uv": [0, 0, 1.75, 2.5], "texture": "#6"},
				"east": {"uv": [0, 0, 1.75, 2.5], "texture": "#6"},
				"south": {"uv": [0, 0, 1.75, 2.5], "texture": "#6"},
				"west": {"uv": [0, 0, 1.75, 2.5], "texture": "#6"},
				"up": {"uv": [0, 0, 1.75, 1.75], "texture": "#6"},
				"down": {"uv": [0, 0, 1.75, 1.75], "texture": "#6"}
			}
		},
		{
			"from": [7.075, 8.325, 5.75],
			"to": [7.325, 8.575, 9],
			"rotation": {"angle": 45, "axis": "z", "origin": [6.95, 8.625, 14], "rescale": true},
			"faces": {
				"north": {"uv": [0, 0, 0.25, 0.25], "texture": "#3"},
				"east": {"uv": [0, 0, 3.25, 0.25], "texture": "#3"},
				"south": {"uv": [0, 0, 0.25, 0.25], "texture": "#3"},
				"west": {"uv": [0, 0, 3.25, 0.25], "texture": "#3"},
				"up": {"uv": [0, 0, 0.25, 3.25], "texture": "#3"},
				"down": {"uv": [0, 0, 0.25, 3.25], "texture": "#3"}
			}
		},
		{
			"from": [8.075, 8.325, 5.75],
			"to": [8.325, 8.575, 9],
			"rotation": {"angle": 45, "axis": "z", "origin": [7.95, 8.625, 14], "rescale": true},
			"faces": {
				"north": {"uv": [0, 0, 0.25, 0.25], "texture": "#3"},
				"east": {"uv": [0, 0, 3.25, 0.25], "texture": "#3"},
				"south": {"uv": [0, 0, 0.25, 0.25], "texture": "#3"},
				"west": {"uv": [0, 0, 3.25, 0.25], "texture": "#3"},
				"up": {"uv": [0, 0, 0.25, 3.25], "texture": "#3"},
				"down": {"uv": [0, 0, 0.25, 3.25], "texture": "#3"}
			}
		},
		{
			"from": [7.075, 8.325, -2.5],
			"to": [7.325, 8.575, -2],
			"rotation": {"angle": 45, "axis": "z", "origin": [6.95, 8.625, 14], "rescale": true},
			"faces": {
				"north": {"uv": [0, 0, 0.25, 0.25], "texture": "#3"},
				"east": {"uv": [0, 0, 0.5, 0.25], "texture": "#3"},
				"south": {"uv": [0, 0, 0.25, 0.25], "texture": "#3"},
				"west": {"uv": [0, 0, 0.5, 0.25], "texture": "#3"},
				"up": {"uv": [0, 0, 0.25, 0.5], "texture": "#3"},
				"down": {"uv": [0, 0, 0.25, 0.5], "texture": "#3"}
			}
		},
		{
			"from": [8.075, 8.325, -2.5],
			"to": [8.325, 8.575, -2],
			"rotation": {"angle": 45, "axis": "z", "origin": [7.95, 8.625, 14], "rescale": true},
			"faces": {
				"north": {"uv": [0, 0, 0.25, 0.25], "texture": "#3"},
				"east": {"uv": [0, 0, 0.5, 0.25], "texture": "#3"},
				"south": {"uv": [0, 0, 0.25, 0.25], "texture": "#3"},
				"west": {"uv": [0, 0, 0.5, 0.25], "texture": "#3"},
				"up": {"uv": [0, 0, 0.25, 0.5], "texture": "#3"},
				"down": {"uv": [0, 0, 0.25, 0.5], "texture": "#3"}
			}
		},
		{
			"from": [8.075, 9.325, -2.5],
			"to": [8.325, 9.575, 9],
			"rotation": {"angle": 45, "axis": "z", "origin": [7.95, 9.625, 14], "rescale": true},
			"faces": {
				"north": {"uv": [0, 0, 0.25, 0.25], "texture": "#3"},
				"east": {"uv": [0, 0, 11.5, 0.25], "texture": "#3"},
				"south": {"uv": [0, 0, 0.25, 0.25], "texture": "#3"},
				"west": {"uv": [0, 0, 11.5, 0.25], "texture": "#3"},
				"up": {"uv": [0, 0, 0.25, 11.5], "texture": "#3"},
				"down": {"uv": [0, 0, 0.25, 11.5], "texture": "#3"}
			}
		},
		{
			"from": [7.075, 9.325, -2.5],
			"to": [7.325, 9.575, 9],
			"rotation": {"angle": 45, "axis": "z", "origin": [6.95, 9.625, 14], "rescale": true},
			"faces": {
				"north": {"uv": [0, 0, 0.25, 0.25], "texture": "#3"},
				"east": {"uv": [0, 0, 11.5, 0.25], "texture": "#3"},
				"south": {"uv": [0, 0, 0.25, 0.25], "texture": "#3"},
				"west": {"uv": [0, 0, 11.5, 0.25], "texture": "#3"},
				"up": {"uv": [0, 0, 0.25, 11.5], "texture": "#3"},
				"down": {"uv": [0, 0, 0.25, 11.5], "texture": "#3"}
			}
		},
		{
			"from": [7.125, 8.7, 5.75],
			"to": [7.375, 9.7, 9],
			"rotation": {"angle": 0, "axis": "y", "origin": [7, 9.75, 14]},
			"faces": {
				"north": {"uv": [0, 0, 0.25, 1], "texture": "#3"},
				"east": {"uv": [0, 0, 3.25, 1], "texture": "#3"},
				"south": {"uv": [0, 0, 0.25, 1], "texture": "#3"},
				"west": {"uv": [0, 0, 3.25, 1], "texture": "#3"},
				"up": {"uv": [0, 0, 0.25, 3.25], "texture": "#3"},
				"down": {"uv": [0, 0, 0.25, 3.25], "texture": "#3"}
			}
		},
		{
			"from": [8.375, 8.7, 5.75],
			"to": [8.625, 9.7, 9],
			"rotation": {"angle": 0, "axis": "y", "origin": [8.25, 9.75, 14]},
			"faces": {
				"north": {"uv": [0, 0, 0.25, 1], "texture": "#3"},
				"east": {"uv": [0, 0, 3.25, 1], "texture": "#3"},
				"south": {"uv": [0, 0, 0.25, 1], "texture": "#3"},
				"west": {"uv": [0, 0, 3.25, 1], "texture": "#3"},
				"up": {"uv": [0, 0, 0.25, 3.25], "texture": "#3"},
				"down": {"uv": [0, 0, 0.25, 3.25], "texture": "#3"}
			}
		},
		{
			"from": [7.125, 3.45, 6.8],
			"to": [8.625, 3.7, 7.05],
			"rotation": {"angle": 45, "axis": "x", "origin": [8, 4.75, 12.05], "rescale": true},
			"faces": {
				"north": {"uv": [0, 0, 1.5, 0.25], "texture": "#3"},
				"east": {"uv": [0, 0, 0.25, 0.25], "texture": "#3"},
				"south": {"uv": [0, 0, 1.5, 0.25], "texture": "#3"},
				"west": {"uv": [0, 0, 0.25, 0.25], "texture": "#3"},
				"up": {"uv": [0, 0, 1.5, 0.25], "texture": "#3"},
				"down": {"uv": [0, 0, 1.5, 0.25], "texture": "#3"}
			}
		},
		{
			"from": [7.375, 8.45, -2.5],
			"to": [8.375, 8.7, -2],
			"rotation": {"angle": 0, "axis": "y", "origin": [8, 8.5, 13]},
			"faces": {
				"north": {"uv": [0, 0, 1, 0.25], "texture": "#3"},
				"east": {"uv": [0, 0, 0.5, 0.25], "texture": "#3"},
				"south": {"uv": [0, 0, 1, 0.25], "texture": "#3"},
				"west": {"uv": [0, 0, 0.5, 0.25], "texture": "#3"},
				"up": {"uv": [0, 0, 1, 0.5], "texture": "#3"},
				"down": {"uv": [0, 0, 1, 0.5], "texture": "#3"}
			}
		},
		{
			"from": [7.375, 9.7, -2.5],
			"to": [8.375, 9.95, 5.75],
			"rotation": {"angle": 0, "axis": "y", "origin": [8, 9.75, 13]},
			"faces": {
				"north": {"uv": [0, 0, 1, 0.25], "texture": "#3"},
				"east": {"uv": [0, 0, 8.25, 0.25], "texture": "#3"},
				"south": {"uv": [0, 0, 1, 0.25], "texture": "#3"},
				"west": {"uv": [0, 0, 8.25, 0.25], "texture": "#3"},
				"up": {"uv": [0, 0, 1, 8.25], "texture": "#3"},
				"down": {"uv": [0, 0, 1, 8.25], "texture": "#3"}
			}
		},
		{
			"from": [7.125, 7.55, -2.125],
			"to": [8.625, 8.45, -1.25],
			"rotation": {"angle": 0, "axis": "x", "origin": [8, 8.225, 13.391]},
			"faces": {
				"north": {"uv": [0, 0, 1.5, 0.9], "texture": "#3"},
				"east": {"uv": [0, 0, 0.875, 0.9], "texture": "#3"},
				"south": {"uv": [0, 0, 1.5, 0.9], "texture": "#3"},
				"west": {"uv": [0, 0, 0.875, 0.9], "texture": "#3"},
				"up": {"uv": [0, 0, 1.5, 0.875], "texture": "#3"},
				"down": {"uv": [0, 0, 1.5, 0.875], "texture": "#3"}
			}
		},
		{
			"from": [7.925, 8.05, -2.125],
			"to": [8.05, 8.15, -1.5],
			"rotation": {"angle": 45, "axis": "z", "origin": [8.55, 8.625, 13.391], "rescale": true},
			"faces": {
				"north": {"uv": [0, 0, 0.2, 0.1], "texture": "#3"},
				"east": {"uv": [0, 0, 0.625, 0.1], "texture": "#3"},
				"south": {"uv": [0, 0, 0.2, 0.1], "texture": "#3"},
				"west": {"uv": [0, 0, 0.625, 0.1], "texture": "#3"},
				"up": {"uv": [0, 0, 0.2, 0.625], "texture": "#3"},
				"down": {"uv": [0, 0, 0.2, 0.625], "texture": "#3"}
			}
		},
		{
			"from": [6.675, 8.05, -2.125],
			"to": [6.775, 8.175, -1.5],
			"rotation": {"angle": 45, "axis": "z", "origin": [7.3, 8.625, 13.391], "rescale": true},
			"faces": {
				"north": {"uv": [0, 0, 0.1, 0.2], "texture": "#3"},
				"east": {"uv": [0, 0, 0.625, 0.2], "texture": "#3"},
				"south": {"uv": [0, 0, 0.1, 0.2], "texture": "#3"},
				"west": {"uv": [0, 0, 0.625, 0.2], "texture": "#3"},
				"up": {"uv": [0, 0, 0.1, 0.625], "texture": "#3"},
				"down": {"uv": [0, 0, 0.1, 0.625], "texture": "#3"}
			}
		},
		{
			"from": [7.25, 7.425, -2.125],
			"to": [8.5, 7.55, -1.5],
			"rotation": {"angle": 0, "axis": "x", "origin": [7.875, 8, 13.391]},
			"faces": {
				"north": {"uv": [0, 0, 1, 0.125], "texture": "#3"},
				"east": {"uv": [0, 0, 0.625, 0.125], "texture": "#3"},
				"south": {"uv": [0, 0, 1, 0.125], "texture": "#3"},
				"west": {"uv": [0, 0, 0.625, 0.125], "texture": "#3"},
				"up": {"uv": [0, 0, 1, 0.625], "texture": "#3"},
				"down": {"uv": [0, 0, 1, 0.625], "texture": "#3"}
			}
		},
		{
			"from": [7.125, 13.422, -3.6125],
			"to": [8.625, 14.397, -2.8625],
			"rotation": {"angle": -22.5, "axis": "x", "origin": [8, 14.222, 11.8875]},
			"faces": {
				"north": {"uv": [0, 0, 1.5, 0.975], "texture": "#3"},
				"east": {"uv": [0, 0, 0.75, 0.975], "texture": "#3"},
				"south": {"uv": [0, 0, 1.5, 0.975], "texture": "#3"},
				"west": {"uv": [0, 0, 0.75, 0.975], "texture": "#3"},
				"up": {"uv": [0, 0, 1.5, 0.75], "texture": "#3"},
				"down": {"uv": [0, 0, 1.5, 0.75], "texture": "#3"}
			}
		},
		{
			"from": [7.125, 8.45, -2.5],
			"to": [7.375, 9.7, -2],
			"rotation": {"angle": 0, "axis": "y", "origin": [6.75, 9.75, 10.25]},
			"faces": {
				"north": {"uv": [0, 0, 0.25, 1.25], "texture": "#3"},
				"east": {"uv": [0, 0, 0.5, 1.25], "texture": "#3"},
				"south": {"uv": [0, 0, 0.25, 1.25], "texture": "#3"},
				"west": {"uv": [0, 0, 0.5, 1.25], "texture": "#3"},
				"up": {"uv": [0, 0, 0.25, 0.5], "texture": "#3"},
				"down": {"uv": [0, 0, 0.25, 0.5], "texture": "#3"}
			}
		},
		{
			"from": [8.375, 8.45, -2.5],
			"to": [8.625, 9.7, -2],
			"rotation": {"angle": 0, "axis": "y", "origin": [8, 9.75, 10.25]},
			"faces": {
				"north": {"uv": [0, 0, 0.25, 1.25], "texture": "#3"},
				"east": {"uv": [0, 0, 0.5, 1.25], "texture": "#3"},
				"south": {"uv": [0, 0, 0.25, 1.25], "texture": "#3"},
				"west": {"uv": [0, 0, 0.5, 1.25], "texture": "#3"},
				"up": {"uv": [0, 0, 0.25, 0.5], "texture": "#3"},
				"down": {"uv": [0, 0, 0.25, 0.5], "texture": "#3"}
			}
		},
		{
			"from": [7.375, 8.7, -2.25],
			"to": [8.375, 9.7, -2.25],
			"rotation": {"angle": 0, "axis": "y", "origin": [8, 9.75, 10.5]},
			"faces": {
				"north": {"uv": [0, 0, 1, 1], "texture": "#0"},
				"east": {"uv": [0, 0, 0, 1], "texture": "#0"},
				"south": {"uv": [0, 0, 1, 1], "texture": "#0"},
				"west": {"uv": [0, 0, 0, 1], "texture": "#0"},
				"up": {"uv": [0, 0, 1, 0], "texture": "#0"},
				"down": {"uv": [0, 0, 1, 0], "texture": "#0"}
			}
		},
		{
			"from": [7.125, 8.45, -2],
			"to": [8.625, 9.7, 5.75],
			"rotation": {"angle": 0, "axis": "y", "origin": [8, 9.75, 10.75]},
			"faces": {
				"north": {"uv": [0, 0, 1.5, 1.25], "texture": "#3"},
				"east": {"uv": [0, 0, 7.75, 1.25], "texture": "#3"},
				"south": {"uv": [0, 0, 1.5, 1.25], "texture": "#3"},
				"west": {"uv": [0, 0, 7.75, 1.25], "texture": "#3"},
				"up": {"uv": [0, 0, 1.5, 7.75], "texture": "#3"},
				"down": {"uv": [0, 0, 1.5, 7.75], "texture": "#3"}
			}
		},
		{
			"from": [7.375, 8.45, 5.75],
			"to": [8.375, 9.95, 9],
			"rotation": {"angle": 0, "axis": "y", "origin": [8, 9.75, 14]},
			"faces": {
				"north": {"uv": [0, 0, 1, 1.5], "texture": "#3"},
				"east": {"uv": [0, 0, 3.25, 1.5], "texture": "#3"},
				"south": {"uv": [0, 0, 1, 1.5], "texture": "#3"},
				"west": {"uv": [0, 0, 3.25, 1.5], "texture": "#3"},
				"up": {"uv": [0, 0, 1, 3.25], "texture": "#3"},
				"down": {"uv": [0, 0, 1, 3.25], "texture": "#3"}
			}
		},
		{
			"from": [7.25, 6.2, 13.8275],
			"to": [8.5, 6.45, 14.0775],
			"rotation": {"angle": 45, "axis": "x", "origin": [8, 8.95, 13.1285], "rescale": true},
			"faces": {
				"north": {"uv": [0, 0, 1.25, 0.25], "texture": "#7"},
				"east": {"uv": [0, 0, 0.25, 0.25], "texture": "#7"},
				"south": {"uv": [0, 0, 1.25, 0.25], "texture": "#7"},
				"west": {"uv": [0, 0, 0.25, 0.25], "texture": "#7"},
				"up": {"uv": [0, 0, 1.25, 0.25], "texture": "#7"},
				"down": {"uv": [0, 0, 1.25, 0.25], "texture": "#7"}
			}
		},
		{
			"from": [7.25, 5.5, 8.459],
			"to": [8.5, 5.75, 11.459],
			"rotation": {"angle": 0, "axis": "x", "origin": [8, 8.25, 10.51]},
			"faces": {
				"north": {"uv": [0, 0, 1.25, 0.25], "texture": "#7"},
				"east": {"uv": [0, 0, 3, 0.25], "texture": "#7"},
				"south": {"uv": [0, 0, 1.25, 0.25], "texture": "#7"},
				"west": {"uv": [0, 0, 3, 0.25], "texture": "#7"},
				"up": {"uv": [0, 0, 1.25, 3], "texture": "#7"},
				"down": {"uv": [0, 0, 1.25, 3], "texture": "#7"}
			}
		},
		{
			"from": [7.25, 5.558, 8.4],
			"to": [8.5, 7.308, 8.65],
			"rotation": {"angle": 0, "axis": "x", "origin": [8, 5.5, 11.4]},
			"faces": {
				"north": {"uv": [0, 0, 1.25, 1.75], "texture": "#7", "rotation": 180},
				"east": {"uv": [0, 0, 1.75, 0.25], "texture": "#7", "rotation": 270},
				"south": {"uv": [0, 0, 1.25, 1.75], "texture": "#7"},
				"west": {"uv": [0, 0, 1.75, 0.25], "texture": "#7", "rotation": 90},
				"up": {"uv": [0, 0, 1.25, 0.25], "texture": "#7", "rotation": 180},
				"down": {"uv": [0, 0, 1.25, 0.25], "texture": "#7"}
			}
		},
		{
			"from": [7.625, 6.75, 10],
			"to": [8.125, 7.5, 10.25],
			"faces": {
				"north": {"uv": [0, 0, 0.5, 0.75], "texture": "#3"},
				"east": {"uv": [0, 0, 0.25, 0.75], "texture": "#3"},
				"south": {"uv": [0, 0, 0.5, 0.75], "texture": "#3"},
				"west": {"uv": [0, 0, 0.25, 0.75], "texture": "#3"},
				"up": {"uv": [0, 0, 0.5, 0.25], "texture": "#3"},
				"down": {"uv": [0, 0, 0.5, 0.25], "texture": "#3"}
			}
		},
		{
			"from": [7.625, 5.43, 10.6125],
			"to": [8.125, 6.13, 10.8625],
			"rotation": {"angle": 22.5, "axis": "x", "origin": [7.875, 7.98, 12.1225]},
			"faces": {
				"north": {"uv": [0, 0, 0.5, 0.7], "texture": "#3", "rotation": 180},
				"east": {"uv": [0, 0, 0.7, 0.25], "texture": "#3", "rotation": 270},
				"south": {"uv": [0, 0, 0.5, 0.7], "texture": "#3"},
				"west": {"uv": [0, 0, 0.7, 0.25], "texture": "#3", "rotation": 90},
				"up": {"uv": [0, 0, 0.5, 0.25], "texture": "#3", "rotation": 180},
				"down": {"uv": [0, 0, 0.5, 0.25], "texture": "#3"}
			}
		}
	],
	"display": {
		"head": {
			"translation": [0, 0, 0],
			"rotation": [0, 0, 0]
		},
		"fixed": {
			"scale": [0.9, 0.9, 0.9],
			"rotation": [0, -90, 0],
			"translation": [-1.25, 2.25, 0]
		},
		"gui": {
			"scale": [0.8, 0.8, 0.8],
			"rotation": [60, 60, -60],
			"translation": [1, 1.25, 0]
		},
		"thirdperson_righthand": {
			"translation": [0, 1, -1.5],
			"rotation": [0, 0, 0],
			"scale": [0.6, 0.6, 0.6]
		},
		"thirdperson_lefthand": {
			"scale": [0.6, 0.6, 0.6],
			"translation": [0, 1, -1.5]
		},
		"firstperson_righthand": {
			"rotation": [5, 0, 0],
			"translation": [0, 3.5, -0.5],
			"scale": [0.75, 0.75, 0.55]
		},
		"firstperson_lefthand": {
			"scale": [0.8, 0.8, 0.6],
			"rotation": [5, 0, 0],
			"translation": [0, 3.5, -0.5]
		},
		"ground": {
			"scale": [0.5, 0.5, 0.5],
			"translation": [0, -1, 0],
			"rotation": [0, 0, 90]
		}
	},
	"groups": [
		{
			"name": "handle",
			"isOpen": true,
			"shade": true,
			"display": {
				"visibility": true,
				"autouv": true
			},
			"children": [0, 1, 2, 3, 4, 5, 6, 7, 8, 9, 10, 11, 12, 13, 14, 15, 16, 17, 18, 19, 20, 21, 22, 23, 24, 25, 26, 27, 28, 29, 30, 31, 32, 33, 34]
		},
		{
			"name": "barrel",
			"isOpen": true,
			"shade": true,
			"display": {
				"visibility": true,
				"autouv": 0
			},
			"children": [35, 36, 37, 38, 39, 40, 41, 42, 43, 44, 45, 46, 47, 48, 49, 50, 51, 52, 53, 54, 55]
		},
		{
			"name": "trigger",
			"isOpen": true,
			"shade": true,
			"display": {
				"visibility": true,
				"autouv": true
			},
			"children": [56, 57, 58, 59, 60]
		},
		{
			"name": "aim",
			"isOpen": true,
			"shade": true,
			"display": {
				"visibility": true,
				"autouv": true
			},
			"children": []
		}
	]
}