{
	"credit": "Made with Blockbench, a free, modern block model editor by JannisX11, model design by bill96012",
	"textures": {
		"0": "custom/red_flashing",
		"2": "custom/unavailable",
		"particle": "custom/red_flashing"
	},
	"elements": [
		{
			"from": [-16, 0.5, 7],
			"to": [32, 1, 9],
			"faces": {
				"north": {"uv": [0, 0, 1, 1], "texture": "#0"},
				"east": {"uv": [0, 0, 1, 1], "texture": "#0", "rotation": 90},
				"south": {"uv": [0, 0, 1, 1], "texture": "#0", "rotation": 180},
				"west": {"uv": [0, 0, 1, 1], "texture": "#0", "rotation": 270},
				"up": {"uv": [0, 0, 1, 1], "texture": "#0"},
				"down": {"uv": [0, 0, 1, 1], "texture": "#0", "rotation": 180}
			}
		},
		{
			"from": [-16, 15, 7],
			"to": [32, 15.5, 9],
			"faces": {
				"north": {"uv": [0, 0, 1, 1], "texture": "#0"},
				"east": {"uv": [0, 0, 1, 1], "texture": "#0", "rotation": 90},
				"south": {"uv": [0, 0, 1, 1], "texture": "#0", "rotation": 180},
				"west": {"uv": [0, 0, 1, 1], "texture": "#0", "rotation": 270},
				"up": {"uv": [0, 0, 1, 1], "texture": "#0"},
				"down": {"uv": [0, 0, 1, 1], "texture": "#0", "rotation": 180}
			}
		},
		{
			"from": [-16, 0, 7],
			"to": [32, 0.5, 9],
			"faces": {
				"north": {"uv": [0, 0, 1, 1], "texture": "#2", "rotation": 180},
				"east": {"uv": [0, 0, 1, 1], "texture": "#2", "rotation": 270},
				"south": {"uv": [0, 0, 1, 1], "texture": "#2"},
				"west": {"uv": [0, 0, 1, 1], "texture": "#2", "rotation": 90},
				"up": {"uv": [0, 0, 1, 1], "texture": "#2", "rotation": 180},
				"down": {"uv": [0, 0, 1, 1], "texture": "#2"}
			}
		},
		{
			"from": [-16, 1, 7],
			"to": [32, 1.5, 9],
			"faces": {
				"north": {"uv": [0, 0, 1, 1], "texture": "#2", "rotation": 180},
				"east": {"uv": [0, 0, 1, 1], "texture": "#2", "rotation": 270},
				"south": {"uv": [0, 0, 1, 1], "texture": "#2"},
				"west": {"uv": [0, 0, 1, 1], "texture": "#2", "rotation": 90},
				"up": {"uv": [0, 0, 1, 1], "texture": "#2", "rotation": 180},
				"down": {"uv": [0, 0, 1, 1], "texture": "#2"}
			}
		},
		{
			"from": [-16, 14.5, 7],
			"to": [32, 15, 9],
			"faces": {
				"north": {"uv": [0, 0, 1, 1], "texture": "#2", "rotation": 180},
				"east": {"uv": [0, 0, 1, 1], "texture": "#2", "rotation": 270},
				"south": {"uv": [0, 0, 1, 1], "texture": "#2"},
				"west": {"uv": [0, 0, 1, 1], "texture": "#2", "rotation": 90},
				"up": {"uv": [0, 0, 1, 1], "texture": "#2", "rotation": 180},
				"down": {"uv": [0, 0, 1, 1], "texture": "#2"}
			}
		},
		{
			"from": [-16, 15.5, 7],
			"to": [32, 16, 9],
			"faces": {
				"north": {"uv": [0, 0, 1, 1], "texture": "#2", "rotation": 180},
				"east": {"uv": [0, 0, 1, 1], "texture": "#2", "rotation": 270},
				"south": {"uv": [0, 0, 1, 1], "texture": "#2"},
				"west": {"uv": [0, 0, 1, 1], "texture": "#2", "rotation": 90},
				"up": {"uv": [0, 0, 1, 1], "texture": "#2", "rotation": 180},
				"down": {"uv": [0, 0, 1, 1], "texture": "#2"}
			}
		},
		{
			"from": [-16, 1.5, 7],
			"to": [32, 14.5, 9],
			"faces": {
				"north": {"uv": [4.05, 7.25, 11.9, 8.75], "texture": "#2"},
				"east": {"uv": [0, 0, 1, 1], "texture": "#2", "rotation": 270},
				"south": {"uv": [4.05, 7.2, 11.9, 8.7], "texture": "#2"},
				"west": {"uv": [0, 0, 1, 1], "texture": "#2", "rotation": 90},
				"up": {"uv": [4.05, 7.2, 11.9, 8.7], "texture": "#2", "rotation": 180},
				"down": {"uv": [4.05, 7.2, 11.9, 8.7], "texture": "#2"}
			}
		}
	],
	"display": {
		"thirdperson_righthand": {
			"translation": [0, 4, 3],
			"scale": [0.25, 0.25, 0.25],
			"rotation": [0, 90, 95]
		},
		"fixed": {
			"scale": [1.85, 1.85, 1.25],
			"rotation": [0, 0, 0],
			"translation": [0, 0, 1.2]
		},
		"thirdperson_lefthand": {
			"translation": [0, 4, 3],
			"scale": [0.25, 0.25, 0.25],
			"rotation": [0, 90, 95]
		},
		"head": {
			"scale": [1, 1, 0.75],
			"rotation": [0, 0, 0],
			"translation": [0, 0, 0]
		},
		"firstperson_righthand": {
			"scale": [0.15, 0.15, 0.15],
			"rotation": [0, 180, 0],
			"translation": [0, 2, 0]
		},
		"firstperson_lefthand": {
			"scale": [0.15, 0.15, 0.15],
			"rotation": [0, 180, 0],
			"translation": [0, 2, 0]
		},
		"ground": {
			"rotation": [0, 0, 0],
			"translation": [0, 5, 0],
			"scale": [1, 1, 0.1]
		},
		"gui": {
			"scale": [0.5, 0.5, 0.5],
			"rotation": [0, 180, 45]
		}
	}
}