{
	"credit": "Made with Blockbench, a free, modern block model editor by JannisX11, model design by bill96012",
	"textures": {
		"0": "custom/concrete_light_blue",
		"1": "custom/concrete_black",
		"2": "custom/concrete_red",
		"3": "custom/concrete_gray",
		"4": "custom/concrete_lime",
		"5": "custom/concrete_cyan",
		"6": "custom/concrete_silver",
		"particle": "custom/concrete_black"
	},
	"elements": [
		{
			"from": [-2.12963, 0.12664, 10.31414],
			"to": [-1.87963, 0.37664, 10.56414],
			"rotation": {"angle": 0, "axis": "y", "origin": [-2.00463, 0.25164, 10.43914]},
			"faces": {
				"north": {"uv": [0, 0, 0.25, 0.25], "texture": "#4"},
				"east": {"uv": [0, 0, 0.25, 0.25], "texture": "#4"},
				"south": {"uv": [0, 0, 0.25, 0.25], "texture": "#4"},
				"west": {"uv": [0, 0, 0.25, 0.25], "texture": "#4"},
				"up": {"uv": [0.25, 0.25, 0, 0], "texture": "#4", "rotation": 180},
				"down": {"uv": [0.25, 0.25, 0, 0], "texture": "#4", "rotation": 180}
			}
		},
		{
			"from": [-1.37963, 0.12664, 10.31414],
			"to": [-1.12963, 0.37664, 10.56414],
			"rotation": {"angle": 0, "axis": "y", "origin": [-1.25463, 0.25164, 10.43914]},
			"faces": {
				"north": {"uv": [0, 0, 0.25, 0.25], "texture": "#4"},
				"east": {"uv": [0, 0, 0.25, 0.25], "texture": "#4"},
				"south": {"uv": [0, 0, 0.25, 0.25], "texture": "#4"},
				"west": {"uv": [0, 0, 0.25, 0.25], "texture": "#4"},
				"up": {"uv": [0.25, 0.25, 0, 0], "texture": "#4", "rotation": 180},
				"down": {"uv": [0.25, 0.25, 0, 0], "texture": "#4", "rotation": 180}
			}
		},
		{
			"from": [-0.62963, 0.12664, 10.31414],
			"to": [-0.37963, 0.37664, 10.56414],
			"rotation": {"angle": 0, "axis": "y", "origin": [-0.50463, 0.25164, 10.43914]},
			"faces": {
				"north": {"uv": [0, 0, 0.25, 0.25], "texture": "#4"},
				"east": {"uv": [0, 0, 0.25, 0.25], "texture": "#4"},
				"south": {"uv": [0, 0, 0.25, 0.25], "texture": "#4"},
				"west": {"uv": [0, 0, 0.25, 0.25], "texture": "#4"},
				"up": {"uv": [0.25, 0.25, 0, 0], "texture": "#4", "rotation": 180},
				"down": {"uv": [0.25, 0.25, 0, 0], "texture": "#4", "rotation": 180}
			}
		},
		{
			"name": "base",
			"from": [-3.37963, 0.00164, 4.31414],
			"to": [19.12037, 0.25164, 11.06414],
			"rotation": {"angle": 0, "axis": "y", "origin": [7.87037, 0.12664, 7.68914]},
			"faces": {
				"north": {"uv": [0, 0, 15, 0.25], "texture": "#1"},
				"east": {"uv": [0, 0, 6.75, 0.25], "texture": "#1"},
				"south": {"uv": [0, 0, 15, 0.25], "texture": "#1"},
				"west": {"uv": [0, 0, 6.75, 0.25], "texture": "#1"},
				"up": {"uv": [15, 6.75, 0, 0], "texture": "#1", "rotation": 180},
				"down": {"uv": [15, 6.75, 0, 0], "texture": "#1", "rotation": 180}
			}
		},
		{
			"from": [5.37037, 0.12664, 10.31414],
			"to": [6.12037, 0.37664, 10.81414],
			"rotation": {"angle": 0, "axis": "y", "origin": [5.74537, 0.25164, 10.56414]},
			"faces": {
				"north": {"uv": [0, 0, 0.75, 0.25], "texture": "#0"},
				"east": {"uv": [0, 0, 0.5, 0.25], "texture": "#0"},
				"south": {"uv": [0, 0, 0.75, 0.25], "texture": "#0"},
				"west": {"uv": [0, 0, 0.5, 0.25], "texture": "#0"},
				"up": {"uv": [0.75, 0.5, 0, 0], "texture": "#0", "rotation": 180},
				"down": {"uv": [0.75, 0.5, 0, 0], "texture": "#0", "rotation": 180}
			}
		},
		{
			"from": [6.37037, 0.12664, 10.31414],
			"to": [7.12037, 0.37664, 10.81414],
			"rotation": {"angle": 0, "axis": "y", "origin": [6.74537, 0.25164, 10.56414]},
			"faces": {
				"north": {"uv": [0, 0, 0.75, 0.25], "texture": "#0"},
				"east": {"uv": [0, 0, 0.5, 0.25], "texture": "#0"},
				"south": {"uv": [0, 0, 0.75, 0.25], "texture": "#0"},
				"west": {"uv": [0, 0, 0.5, 0.25], "texture": "#0"},
				"up": {"uv": [0.75, 0.5, 0, 0], "texture": "#0", "rotation": 180},
				"down": {"uv": [0.75, 0.5, 0, 0], "texture": "#0", "rotation": 180}
			}
		},
		{
			"from": [7.37037, 0.12664, 10.31414],
			"to": [8.12037, 0.37664, 10.81414],
			"rotation": {"angle": 0, "axis": "y", "origin": [7.74537, 0.25164, 10.56414]},
			"faces": {
				"north": {"uv": [0, 0, 0.75, 0.25], "texture": "#0"},
				"east": {"uv": [0, 0, 0.5, 0.25], "texture": "#0"},
				"south": {"uv": [0, 0, 0.75, 0.25], "texture": "#0"},
				"west": {"uv": [0, 0, 0.5, 0.25], "texture": "#0"},
				"up": {"uv": [0.75, 0.5, 0, 0], "texture": "#0", "rotation": 180},
				"down": {"uv": [0.75, 0.5, 0, 0], "texture": "#0", "rotation": 180}
			}
		},
		{
			"from": [8.37037, 0.12664, 10.31414],
			"to": [9.12037, 0.37664, 10.81414],
			"rotation": {"angle": 0, "axis": "y", "origin": [8.74537, 0.25164, 10.56414]},
			"faces": {
				"north": {"uv": [0, 0, 0.75, 0.25], "texture": "#0"},
				"east": {"uv": [0, 0, 0.5, 0.25], "texture": "#0"},
				"south": {"uv": [0, 0, 0.75, 0.25], "texture": "#0"},
				"west": {"uv": [0, 0, 0.5, 0.25], "texture": "#0"},
				"up": {"uv": [0.75, 0.5, 0, 0], "texture": "#0", "rotation": 180},
				"down": {"uv": [0.75, 0.5, 0, 0], "texture": "#0", "rotation": 180}
			}
		},
		{
			"from": [9.62037, 0.12664, 10.31414],
			"to": [10.37037, 0.37664, 10.81414],
			"rotation": {"angle": 0, "axis": "y", "origin": [9.99537, 0.25164, 10.56414]},
			"faces": {
				"north": {"uv": [0, 0, 0.75, 0.25], "texture": "#0"},
				"east": {"uv": [0, 0, 0.5, 0.25], "texture": "#0"},
				"south": {"uv": [0, 0, 0.75, 0.25], "texture": "#0"},
				"west": {"uv": [0, 0, 0.5, 0.25], "texture": "#0"},
				"up": {"uv": [0.75, 0.5, 0, 0], "texture": "#0", "rotation": 180},
				"down": {"uv": [0.75, 0.5, 0, 0], "texture": "#0", "rotation": 180}
			}
		},
		{
			"from": [10.62037, 0.12664, 10.31414],
			"to": [11.37037, 0.37664, 10.81414],
			"rotation": {"angle": 0, "axis": "y", "origin": [10.99537, 0.25164, 10.56414]},
			"faces": {
				"north": {"uv": [0, 0, 0.75, 0.25], "texture": "#0"},
				"east": {"uv": [0, 0, 0.5, 0.25], "texture": "#0"},
				"south": {"uv": [0, 0, 0.75, 0.25], "texture": "#0"},
				"west": {"uv": [0, 0, 0.5, 0.25], "texture": "#0"},
				"up": {"uv": [0.75, 0.5, 0, 0], "texture": "#0", "rotation": 180},
				"down": {"uv": [0.75, 0.5, 0, 0], "texture": "#0", "rotation": 180}
			}
		},
		{
			"from": [11.62037, 0.12664, 10.31414],
			"to": [12.37037, 0.37664, 10.81414],
			"rotation": {"angle": 0, "axis": "y", "origin": [11.99537, 0.25164, 10.56414]},
			"faces": {
				"north": {"uv": [0, 0, 0.75, 0.25], "texture": "#0"},
				"east": {"uv": [0, 0, 0.5, 0.25], "texture": "#0"},
				"south": {"uv": [0, 0, 0.75, 0.25], "texture": "#0"},
				"west": {"uv": [0, 0, 0.5, 0.25], "texture": "#0"},
				"up": {"uv": [0.75, 0.5, 0, 0], "texture": "#0", "rotation": 180},
				"down": {"uv": [0.75, 0.5, 0, 0], "texture": "#0", "rotation": 180}
			}
		},
		{
			"from": [12.62037, 0.12664, 10.31414],
			"to": [13.37037, 0.37664, 10.81414],
			"rotation": {"angle": 0, "axis": "y", "origin": [12.99537, 0.25164, 10.56414]},
			"faces": {
				"north": {"uv": [0, 0, 0.75, 0.25], "texture": "#0"},
				"east": {"uv": [0, 0, 0.5, 0.25], "texture": "#0"},
				"south": {"uv": [0, 0, 0.75, 0.25], "texture": "#0"},
				"west": {"uv": [0, 0, 0.5, 0.25], "texture": "#0"},
				"up": {"uv": [0.75, 0.5, 0, 0], "texture": "#0", "rotation": 180},
				"down": {"uv": [0.75, 0.5, 0, 0], "texture": "#0", "rotation": 180}
			}
		},
		{
			"from": [13.87037, 0.12664, 10.31414],
			"to": [14.62037, 0.37664, 10.81414],
			"rotation": {"angle": 0, "axis": "y", "origin": [14.24537, 0.25164, 10.56414]},
			"faces": {
				"north": {"uv": [0, 0, 0.75, 0.25], "texture": "#0"},
				"east": {"uv": [0, 0, 0.5, 0.25], "texture": "#0"},
				"south": {"uv": [0, 0, 0.75, 0.25], "texture": "#0"},
				"west": {"uv": [0, 0, 0.5, 0.25], "texture": "#0"},
				"up": {"uv": [0.75, 0.5, 0, 0], "texture": "#0", "rotation": 180},
				"down": {"uv": [0.75, 0.5, 0, 0], "texture": "#0", "rotation": 180}
			}
		},
		{
			"from": [14.87037, 0.12664, 10.31414],
			"to": [15.62037, 0.37664, 10.81414],
			"rotation": {"angle": 0, "axis": "y", "origin": [15.24537, 0.25164, 10.56414]},
			"faces": {
				"north": {"uv": [0, 0, 0.75, 0.25], "texture": "#0"},
				"east": {"uv": [0, 0, 0.5, 0.25], "texture": "#0"},
				"south": {"uv": [0, 0, 0.75, 0.25], "texture": "#0"},
				"west": {"uv": [0, 0, 0.5, 0.25], "texture": "#0"},
				"up": {"uv": [0.75, 0.5, 0, 0], "texture": "#0", "rotation": 180},
				"down": {"uv": [0.75, 0.5, 0, 0], "texture": "#0", "rotation": 180}
			}
		},
		{
			"from": [15.87037, 0.12664, 10.31414],
			"to": [16.62037, 0.37664, 10.81414],
			"rotation": {"angle": 0, "axis": "y", "origin": [16.24537, 0.25164, 10.56414]},
			"faces": {
				"north": {"uv": [0, 0, 0.75, 0.25], "texture": "#0"},
				"east": {"uv": [0, 0, 0.5, 0.25], "texture": "#0"},
				"south": {"uv": [0, 0, 0.75, 0.25], "texture": "#0"},
				"west": {"uv": [0, 0, 0.5, 0.25], "texture": "#0"},
				"up": {"uv": [0.75, 0.5, 0, 0], "texture": "#0", "rotation": 180},
				"down": {"uv": [0.75, 0.5, 0, 0], "texture": "#0", "rotation": 180}
			}
		},
		{
			"from": [16.87037, 0.12664, 10.31414],
			"to": [17.62037, 0.37664, 10.81414],
			"rotation": {"angle": 0, "axis": "y", "origin": [17.24537, 0.25164, 10.56414]},
			"faces": {
				"north": {"uv": [0, 0, 0.75, 0.25], "texture": "#0"},
				"east": {"uv": [0, 0, 0.5, 0.25], "texture": "#0"},
				"south": {"uv": [0, 0, 0.75, 0.25], "texture": "#0"},
				"west": {"uv": [0, 0, 0.5, 0.25], "texture": "#0"},
				"up": {"uv": [0.75, 0.5, 0, 0], "texture": "#0", "rotation": 180},
				"down": {"uv": [0.75, 0.5, 0, 0], "texture": "#0", "rotation": 180}
			}
		},
		{
			"from": [6.12037, 0.12664, 8.81414],
			"to": [6.87037, 0.37664, 9.56414],
			"rotation": {"angle": 0, "axis": "y", "origin": [6.49537, 0.25164, 9.18914]},
			"faces": {
				"north": {"uv": [0, 0, 0.75, 0.25], "texture": "#3"},
				"east": {"uv": [0, 0, 0.75, 0.25], "texture": "#3"},
				"south": {"uv": [0, 0, 0.75, 0.25], "texture": "#3"},
				"west": {"uv": [0, 0, 0.75, 0.25], "texture": "#3"},
				"up": {"uv": [0.75, 0.75, 0, 0], "texture": "#3", "rotation": 180},
				"down": {"uv": [0.75, 0.75, 0, 0], "texture": "#3", "rotation": 180}
			}
		},
		{
			"from": [3.12037, 0.12664, 7.81414],
			"to": [3.87037, 0.37664, 8.56414],
			"rotation": {"angle": 0, "axis": "y", "origin": [3.49537, 0.25164, 8.18914]},
			"faces": {
				"north": {"uv": [0, 0, 0.75, 0.25], "texture": "#3"},
				"east": {"uv": [0, 0, 0.75, 0.25], "texture": "#3"},
				"south": {"uv": [0, 0, 0.75, 0.25], "texture": "#3"},
				"west": {"uv": [0, 0, 0.75, 0.25], "texture": "#3"},
				"up": {"uv": [0.75, 0.75, 0, 0], "texture": "#3", "rotation": 180},
				"down": {"uv": [0.75, 0.75, 0, 0], "texture": "#3", "rotation": 180}
			}
		},
		{
			"from": [1.12037, 0.12664, 4.81414],
			"to": [1.87037, 0.37664, 5.56414],
			"rotation": {"angle": 0, "axis": "y", "origin": [1.49537, 0.25164, 5.18914]},
			"faces": {
				"north": {"uv": [0, 0, 0.75, 0.25], "texture": "#2"},
				"east": {"uv": [0, 0, 0.75, 0.25], "texture": "#2"},
				"south": {"uv": [0, 0, 0.75, 0.25], "texture": "#2"},
				"west": {"uv": [0, 0, 0.75, 0.25], "texture": "#2"},
				"up": {"uv": [0.75, 0.75, 0, 0], "texture": "#2", "rotation": 180},
				"down": {"uv": [0.75, 0.75, 0, 0], "texture": "#2", "rotation": 180}
			}
		},
		{
			"from": [3.12037, 0.12664, 4.81414],
			"to": [3.87037, 0.37664, 5.56414],
			"rotation": {"angle": 0, "axis": "y", "origin": [3.49537, 0.25164, 5.18914]},
			"faces": {
				"north": {"uv": [0, 0, 0.75, 0.25], "texture": "#2"},
				"east": {"uv": [0, 0, 0.75, 0.25], "texture": "#2"},
				"south": {"uv": [0, 0, 0.75, 0.25], "texture": "#2"},
				"west": {"uv": [0, 0, 0.75, 0.25], "texture": "#2"},
				"up": {"uv": [0.75, 0.75, 0, 0], "texture": "#2", "rotation": 180},
				"down": {"uv": [0.75, 0.75, 0, 0], "texture": "#2", "rotation": 180}
			}
		},
		{
			"from": [2.12037, 0.12664, 4.81414],
			"to": [2.87037, 0.37664, 5.56414],
			"rotation": {"angle": 0, "axis": "y", "origin": [2.49537, 0.25164, 5.18914]},
			"faces": {
				"north": {"uv": [0, 0, 0.75, 0.25], "texture": "#2"},
				"east": {"uv": [0, 0, 0.75, 0.25], "texture": "#2"},
				"south": {"uv": [0, 0, 0.75, 0.25], "texture": "#2"},
				"west": {"uv": [0, 0, 0.75, 0.25], "texture": "#2"},
				"up": {"uv": [0.75, 0.75, 0, 0], "texture": "#2", "rotation": 180},
				"down": {"uv": [0.75, 0.75, 0, 0], "texture": "#2", "rotation": 180}
			}
		},
		{
			"from": [2.12037, 0.12664, 5.81414],
			"to": [2.87037, 0.37664, 6.56414],
			"rotation": {"angle": 0, "axis": "y", "origin": [2.49537, 0.25164, 6.18914]},
			"faces": {
				"north": {"uv": [0, 0, 0.75, 0.25], "texture": "#2"},
				"east": {"uv": [0, 0, 0.75, 0.25], "texture": "#2"},
				"south": {"uv": [0, 0, 0.75, 0.25], "texture": "#2"},
				"west": {"uv": [0, 0, 0.75, 0.25], "texture": "#2"},
				"up": {"uv": [0.75, 0.75, 0, 0], "texture": "#2", "rotation": 180},
				"down": {"uv": [0.75, 0.75, 0, 0], "texture": "#2", "rotation": 180}
			}
		},
		{
			"from": [2.12037, 0.12664, 7.81414],
			"to": [2.87037, 0.37664, 8.56414],
			"rotation": {"angle": 0, "axis": "y", "origin": [2.49537, 0.25164, 8.18914]},
			"faces": {
				"north": {"uv": [0, 0, 0.75, 0.25], "texture": "#3"},
				"east": {"uv": [0, 0, 0.75, 0.25], "texture": "#3"},
				"south": {"uv": [0, 0, 0.75, 0.25], "texture": "#3"},
				"west": {"uv": [0, 0, 0.75, 0.25], "texture": "#3"},
				"up": {"uv": [0.75, 0.75, 0, 0], "texture": "#3", "rotation": 180},
				"down": {"uv": [0.75, 0.75, 0, 0], "texture": "#3", "rotation": 180}
			}
		},
		{
			"from": [-1.12963, 0.12664, 4.81414],
			"to": [0.62037, 0.37664, 5.56414],
			"rotation": {"angle": 0, "axis": "y", "origin": [-0.25463, 0.25164, 5.18914]},
			"faces": {
				"north": {"uv": [0, 0, 1.75, 0.25], "texture": "#3"},
				"east": {"uv": [0, 0, 0.75, 0.25], "texture": "#3"},
				"south": {"uv": [0, 0, 1.75, 0.25], "texture": "#3"},
				"west": {"uv": [0, 0, 0.75, 0.25], "texture": "#3"},
				"up": {"uv": [1.75, 0.75, 0, 0], "texture": "#3", "rotation": 180},
				"down": {"uv": [1.75, 0.75, 0, 0], "texture": "#3", "rotation": 180}
			}
		},
		{
			"from": [-0.12963, 0.12664, 5.81414],
			"to": [0.62037, 0.37664, 6.56414],
			"rotation": {"angle": 0, "axis": "y", "origin": [0.24537, 0.25164, 6.18914]},
			"faces": {
				"north": {"uv": [0, 0, 0.75, 0.25], "texture": "#3"},
				"east": {"uv": [0, 0, 0.75, 0.25], "texture": "#3"},
				"south": {"uv": [0, 0, 0.75, 0.25], "texture": "#3"},
				"west": {"uv": [0, 0, 0.75, 0.25], "texture": "#3"},
				"up": {"uv": [0.75, 0.75, 0, 0], "texture": "#3", "rotation": 180},
				"down": {"uv": [0.75, 0.75, 0, 0], "texture": "#3", "rotation": 180}
			}
		},
		{
			"from": [-1.12963, 0.12664, 5.81414],
			"to": [-0.37963, 0.37664, 6.56414],
			"rotation": {"angle": 0, "axis": "y", "origin": [-0.75463, 0.25164, 6.18914]},
			"faces": {
				"north": {"uv": [0, 0, 0.75, 0.25], "texture": "#3"},
				"east": {"uv": [0, 0, 0.75, 0.25], "texture": "#3"},
				"south": {"uv": [0, 0, 0.75, 0.25], "texture": "#3"},
				"west": {"uv": [0, 0, 0.75, 0.25], "texture": "#3"},
				"up": {"uv": [0.75, 0.75, 0, 0], "texture": "#3", "rotation": 180},
				"down": {"uv": [0.75, 0.75, 0, 0], "texture": "#3", "rotation": 180}
			}
		},
		{
			"from": [-3.12963, 0.12664, 6.81414],
			"to": [-2.37963, 0.37664, 8.56414],
			"rotation": {"angle": 0, "axis": "y", "origin": [-2.75463, 0.25164, 7.68914]},
			"faces": {
				"north": {"uv": [0, 0, 0.75, 0.25], "texture": "#3"},
				"east": {"uv": [0, 0, 1.75, 0.25], "texture": "#3"},
				"south": {"uv": [0, 0, 0.75, 0.25], "texture": "#3"},
				"west": {"uv": [0, 0, 1.75, 0.25], "texture": "#3"},
				"up": {"uv": [0.75, 1.75, 0, 0], "texture": "#3", "rotation": 180},
				"down": {"uv": [0.75, 1.75, 0, 0], "texture": "#3", "rotation": 180}
			}
		},
		{
			"from": [-3.12963, 0.12664, 4.81414],
			"to": [-2.37963, 0.37664, 6.56414],
			"rotation": {"angle": 0, "axis": "y", "origin": [-2.75463, 0.25164, 5.68914]},
			"faces": {
				"north": {"uv": [0, 0, 0.75, 0.25], "texture": "#3"},
				"east": {"uv": [0, 0, 1.75, 0.25], "texture": "#3"},
				"south": {"uv": [0, 0, 0.75, 0.25], "texture": "#3"},
				"west": {"uv": [0, 0, 1.75, 0.25], "texture": "#3"},
				"up": {"uv": [0.75, 1.75, 0, 0], "texture": "#3", "rotation": 180},
				"down": {"uv": [0.75, 1.75, 0, 0], "texture": "#3", "rotation": 180}
			}
		},
		{
			"from": [-2.12963, 0.12664, 4.81414],
			"to": [-1.37963, 0.37664, 5.56414],
			"rotation": {"angle": 0, "axis": "y", "origin": [-1.75463, 0.25164, 5.18914]},
			"faces": {
				"north": {"uv": [0, 0, 0.75, 0.25], "texture": "#3"},
				"east": {"uv": [0, 0, 0.75, 0.25], "texture": "#3"},
				"south": {"uv": [0, 0, 0.75, 0.25], "texture": "#3"},
				"west": {"uv": [0, 0, 0.75, 0.25], "texture": "#3"},
				"up": {"uv": [0.75, 0.75, 0, 0], "texture": "#3", "rotation": 180},
				"down": {"uv": [0.75, 0.75, 0, 0], "texture": "#3", "rotation": 180}
			}
		},
		{
			"from": [-2.12963, 0.12664, 5.81414],
			"to": [-1.37963, 0.37664, 6.56414],
			"rotation": {"angle": 0, "axis": "y", "origin": [-1.75463, 0.25164, 6.18914]},
			"faces": {
				"north": {"uv": [0, 0, 0.75, 0.25], "texture": "#3"},
				"east": {"uv": [0, 0, 0.75, 0.25], "texture": "#3"},
				"south": {"uv": [0, 0, 0.75, 0.25], "texture": "#3"},
				"west": {"uv": [0, 0, 0.75, 0.25], "texture": "#3"},
				"up": {"uv": [0.75, 0.75, 0, 0], "texture": "#3", "rotation": 180},
				"down": {"uv": [0.75, 0.75, 0, 0], "texture": "#3", "rotation": 180}
			}
		},
		{
			"from": [-2.12963, 0.12664, 6.81414],
			"to": [-1.37963, 0.37664, 7.56414],
			"rotation": {"angle": 0, "axis": "y", "origin": [-1.75463, 0.25164, 7.18914]},
			"faces": {
				"north": {"uv": [0, 0, 0.75, 0.25], "texture": "#3"},
				"east": {"uv": [0, 0, 0.75, 0.25], "texture": "#3"},
				"south": {"uv": [0, 0, 0.75, 0.25], "texture": "#3"},
				"west": {"uv": [0, 0, 0.75, 0.25], "texture": "#3"},
				"up": {"uv": [0.75, 0.75, 0, 0], "texture": "#3", "rotation": 180},
				"down": {"uv": [0.75, 0.75, 0, 0], "texture": "#3", "rotation": 180}
			}
		},
		{
			"from": [-0.12963, 0.12664, 6.81414],
			"to": [0.62037, 0.37664, 7.56414],
			"rotation": {"angle": 0, "axis": "y", "origin": [0.24537, 0.25164, 7.18914]},
			"faces": {
				"north": {"uv": [0, 0, 0.75, 0.25], "texture": "#3"},
				"east": {"uv": [0, 0, 0.75, 0.25], "texture": "#3"},
				"south": {"uv": [0, 0, 0.75, 0.25], "texture": "#3"},
				"west": {"uv": [0, 0, 0.75, 0.25], "texture": "#3"},
				"up": {"uv": [0.75, 0.75, 0, 0], "texture": "#3", "rotation": 180},
				"down": {"uv": [0.75, 0.75, 0, 0], "texture": "#3", "rotation": 180}
			}
		},
		{
			"from": [-1.12963, 0.12664, 6.81414],
			"to": [-0.37963, 0.37664, 7.56414],
			"rotation": {"angle": 0, "axis": "y", "origin": [-0.75463, 0.25164, 7.18914]},
			"faces": {
				"north": {"uv": [0, 0, 0.75, 0.25], "texture": "#3"},
				"east": {"uv": [0, 0, 0.75, 0.25], "texture": "#3"},
				"south": {"uv": [0, 0, 0.75, 0.25], "texture": "#3"},
				"west": {"uv": [0, 0, 0.75, 0.25], "texture": "#3"},
				"up": {"uv": [0.75, 0.75, 0, 0], "texture": "#3", "rotation": 180},
				"down": {"uv": [0.75, 0.75, 0, 0], "texture": "#3", "rotation": 180}
			}
		},
		{
			"from": [-1.12963, 0.12664, 7.81414],
			"to": [-0.37963, 0.37664, 8.56414],
			"rotation": {"angle": 0, "axis": "y", "origin": [-0.75463, 0.25164, 8.18914]},
			"faces": {
				"north": {"uv": [0, 0, 0.75, 0.25], "texture": "#3"},
				"east": {"uv": [0, 0, 0.75, 0.25], "texture": "#3"},
				"south": {"uv": [0, 0, 0.75, 0.25], "texture": "#3"},
				"west": {"uv": [0, 0, 0.75, 0.25], "texture": "#3"},
				"up": {"uv": [0.75, 0.75, 0, 0], "texture": "#3", "rotation": 180},
				"down": {"uv": [0.75, 0.75, 0, 0], "texture": "#3", "rotation": 180}
			}
		},
		{
			"from": [-2.12963, 0.12664, 7.81414],
			"to": [-1.37963, 0.37664, 8.56414],
			"rotation": {"angle": 0, "axis": "y", "origin": [-1.75463, 0.25164, 8.18914]},
			"faces": {
				"north": {"uv": [0, 0, 0.75, 0.25], "texture": "#3"},
				"east": {"uv": [0, 0, 0.75, 0.25], "texture": "#3"},
				"south": {"uv": [0, 0, 0.75, 0.25], "texture": "#3"},
				"west": {"uv": [0, 0, 0.75, 0.25], "texture": "#3"},
				"up": {"uv": [0.75, 0.75, 0, 0], "texture": "#3", "rotation": 180},
				"down": {"uv": [0.75, 0.75, 0, 0], "texture": "#3", "rotation": 180}
			}
		},
		{
			"from": [-3.12963, 0.12664, 8.81414],
			"to": [-2.37963, 0.37664, 9.56414],
			"rotation": {"angle": 0, "axis": "y", "origin": [-2.75463, 0.25164, 9.18914]},
			"faces": {
				"north": {"uv": [0, 0, 0.75, 0.25], "texture": "#3"},
				"east": {"uv": [0, 0, 0.75, 0.25], "texture": "#3"},
				"south": {"uv": [0, 0, 0.75, 0.25], "texture": "#3"},
				"west": {"uv": [0, 0, 0.75, 0.25], "texture": "#3"},
				"up": {"uv": [0.75, 0.75, 0, 0], "texture": "#3", "rotation": 180},
				"down": {"uv": [0.75, 0.75, 0, 0], "texture": "#3", "rotation": 180}
			}
		},
		{
			"from": [-2.12963, 0.12664, 8.81414],
			"to": [-1.37963, 0.37664, 9.56414],
			"rotation": {"angle": 0, "axis": "y", "origin": [-1.75463, 0.25164, 9.18914]},
			"faces": {
				"north": {"uv": [0, 0, 0.75, 0.25], "texture": "#3"},
				"east": {"uv": [0, 0, 0.75, 0.25], "texture": "#3"},
				"south": {"uv": [0, 0, 0.75, 0.25], "texture": "#3"},
				"west": {"uv": [0, 0, 0.75, 0.25], "texture": "#3"},
				"up": {"uv": [0.75, 0.75, 0, 0], "texture": "#3", "rotation": 180},
				"down": {"uv": [0.75, 0.75, 0, 0], "texture": "#3", "rotation": 180}
			}
		},
		{
			"from": [2.12037, 0.12664, 10.31414],
			"to": [2.87037, 0.37664, 10.81414],
			"rotation": {"angle": 0, "axis": "y", "origin": [2.49537, 0.25164, 10.56414]},
			"faces": {
				"north": {"uv": [0, 0, 0.75, 0.25], "texture": "#3"},
				"east": {"uv": [0, 0, 0.5, 0.25], "texture": "#3"},
				"south": {"uv": [0, 0, 0.75, 0.25], "texture": "#3"},
				"west": {"uv": [0, 0, 0.5, 0.25], "texture": "#3"},
				"up": {"uv": [0.75, 0.5, 0, 0], "texture": "#3", "rotation": 180},
				"down": {"uv": [0.75, 0.5, 0, 0], "texture": "#3", "rotation": 180}
			}
		},
		{
			"from": [1.12037, 0.12664, 10.31414],
			"to": [1.87037, 0.37664, 10.81414],
			"rotation": {"angle": 0, "axis": "y", "origin": [1.49537, 0.25164, 10.56414]},
			"faces": {
				"north": {"uv": [0, 0, 0.75, 0.25], "texture": "#3"},
				"east": {"uv": [0, 0, 0.5, 0.25], "texture": "#3"},
				"south": {"uv": [0, 0, 0.75, 0.25], "texture": "#3"},
				"west": {"uv": [0, 0, 0.5, 0.25], "texture": "#3"},
				"up": {"uv": [0.75, 0.5, 0, 0], "texture": "#3", "rotation": 180},
				"down": {"uv": [0.75, 0.5, 0, 0], "texture": "#3", "rotation": 180}
			}
		},
		{
			"from": [3.12037, 0.12664, 10.31414],
			"to": [3.87037, 0.37664, 10.81414],
			"rotation": {"angle": 0, "axis": "y", "origin": [3.49537, 0.25164, 10.56414]},
			"faces": {
				"north": {"uv": [0, 0, 0.75, 0.25], "texture": "#3"},
				"east": {"uv": [0, 0, 0.5, 0.25], "texture": "#3"},
				"south": {"uv": [0, 0, 0.75, 0.25], "texture": "#3"},
				"west": {"uv": [0, 0, 0.5, 0.25], "texture": "#3"},
				"up": {"uv": [0.75, 0.5, 0, 0], "texture": "#3", "rotation": 180},
				"down": {"uv": [0.75, 0.5, 0, 0], "texture": "#3", "rotation": 180}
			}
		},
		{
			"from": [-1.12963, 0.12664, 8.81414],
			"to": [-0.37963, 0.37664, 9.56414],
			"rotation": {"angle": 0, "axis": "y", "origin": [-0.75463, 0.25164, 9.18914]},
			"faces": {
				"north": {"uv": [0, 0, 0.75, 0.25], "texture": "#3"},
				"east": {"uv": [0, 0, 0.75, 0.25], "texture": "#3"},
				"south": {"uv": [0, 0, 0.75, 0.25], "texture": "#3"},
				"west": {"uv": [0, 0, 0.75, 0.25], "texture": "#3"},
				"up": {"uv": [0.75, 0.75, 0, 0], "texture": "#3", "rotation": 180},
				"down": {"uv": [0.75, 0.75, 0, 0], "texture": "#3", "rotation": 180}
			}
		},
		{
			"from": [-0.12963, 0.12664, 8.81414],
			"to": [0.62037, 0.37664, 9.56414],
			"rotation": {"angle": 0, "axis": "y", "origin": [0.24537, 0.25164, 9.18914]},
			"faces": {
				"north": {"uv": [0, 0, 0.75, 0.25], "texture": "#3"},
				"east": {"uv": [0, 0, 0.75, 0.25], "texture": "#3"},
				"south": {"uv": [0, 0, 0.75, 0.25], "texture": "#3"},
				"west": {"uv": [0, 0, 0.75, 0.25], "texture": "#3"},
				"up": {"uv": [0.75, 0.75, 0, 0], "texture": "#3", "rotation": 180},
				"down": {"uv": [0.75, 0.75, 0, 0], "texture": "#3", "rotation": 180}
			}
		},
		{
			"from": [-0.12963, 0.12664, 7.81414],
			"to": [0.62037, 0.37664, 8.56414],
			"rotation": {"angle": 0, "axis": "y", "origin": [0.24537, 0.25164, 8.18914]},
			"faces": {
				"north": {"uv": [0, 0, 0.75, 0.25], "texture": "#3"},
				"east": {"uv": [0, 0, 0.75, 0.25], "texture": "#3"},
				"south": {"uv": [0, 0, 0.75, 0.25], "texture": "#3"},
				"west": {"uv": [0, 0, 0.75, 0.25], "texture": "#3"},
				"up": {"uv": [0.75, 0.75, 0, 0], "texture": "#3", "rotation": 180},
				"down": {"uv": [0.75, 0.75, 0, 0], "texture": "#3", "rotation": 180}
			}
		},
		{
			"from": [1.12037, 0.12664, 7.81414],
			"to": [1.87037, 0.37664, 8.56414],
			"rotation": {"angle": 0, "axis": "y", "origin": [1.49537, 0.25164, 8.18914]},
			"faces": {
				"north": {"uv": [0, 0, 0.75, 0.25], "texture": "#3"},
				"east": {"uv": [0, 0, 0.75, 0.25], "texture": "#3"},
				"south": {"uv": [0, 0, 0.75, 0.25], "texture": "#3"},
				"west": {"uv": [0, 0, 0.75, 0.25], "texture": "#3"},
				"up": {"uv": [0.75, 0.75, 0, 0], "texture": "#3", "rotation": 180},
				"down": {"uv": [0.75, 0.75, 0, 0], "texture": "#3", "rotation": 180}
			}
		},
		{
			"from": [1.12037, 0.12664, 8.81414],
			"to": [1.87037, 0.37664, 9.56414],
			"rotation": {"angle": 0, "axis": "y", "origin": [1.49537, 0.25164, 9.18914]},
			"faces": {
				"north": {"uv": [0, 0, 0.75, 0.25], "texture": "#3"},
				"east": {"uv": [0, 0, 0.75, 0.25], "texture": "#3"},
				"south": {"uv": [0, 0, 0.75, 0.25], "texture": "#3"},
				"west": {"uv": [0, 0, 0.75, 0.25], "texture": "#3"},
				"up": {"uv": [0.75, 0.75, 0, 0], "texture": "#3", "rotation": 180},
				"down": {"uv": [0.75, 0.75, 0, 0], "texture": "#3", "rotation": 180}
			}
		},
		{
			"from": [2.12037, 0.12664, 8.81414],
			"to": [2.87037, 0.37664, 9.56414],
			"rotation": {"angle": 0, "axis": "y", "origin": [2.49537, 0.25164, 9.18914]},
			"faces": {
				"north": {"uv": [0, 0, 0.75, 0.25], "texture": "#3"},
				"east": {"uv": [0, 0, 0.75, 0.25], "texture": "#3"},
				"south": {"uv": [0, 0, 0.75, 0.25], "texture": "#3"},
				"west": {"uv": [0, 0, 0.75, 0.25], "texture": "#3"},
				"up": {"uv": [0.75, 0.75, 0, 0], "texture": "#3", "rotation": 180},
				"down": {"uv": [0.75, 0.75, 0, 0], "texture": "#3", "rotation": 180}
			}
		},
		{
			"from": [3.12037, 0.12664, 8.81414],
			"to": [3.87037, 0.37664, 9.56414],
			"rotation": {"angle": 0, "axis": "y", "origin": [3.49537, 0.25164, 9.18914]},
			"faces": {
				"north": {"uv": [0, 0, 0.75, 0.25], "texture": "#3"},
				"east": {"uv": [0, 0, 0.75, 0.25], "texture": "#3"},
				"south": {"uv": [0, 0, 0.75, 0.25], "texture": "#3"},
				"west": {"uv": [0, 0, 0.75, 0.25], "texture": "#3"},
				"up": {"uv": [0.75, 0.75, 0, 0], "texture": "#3", "rotation": 180},
				"down": {"uv": [0.75, 0.75, 0, 0], "texture": "#3", "rotation": 180}
			}
		},
		{
			"from": [5.87037, 0.12664, 7.81414],
			"to": [6.62037, 0.37664, 8.56414],
			"rotation": {"angle": 0, "axis": "y", "origin": [6.24537, 0.25164, 8.18914]},
			"faces": {
				"north": {"uv": [0, 0, 0.75, 0.25], "texture": "#3"},
				"east": {"uv": [0, 0, 0.75, 0.25], "texture": "#3"},
				"south": {"uv": [0, 0, 0.75, 0.25], "texture": "#3"},
				"west": {"uv": [0, 0, 0.75, 0.25], "texture": "#3"},
				"up": {"uv": [0.75, 0.75, 0, 0], "texture": "#3", "rotation": 180},
				"down": {"uv": [0.75, 0.75, 0, 0], "texture": "#3", "rotation": 180}
			}
		},
		{
			"from": [6.87037, 0.12664, 7.81414],
			"to": [7.62037, 0.37664, 8.56414],
			"rotation": {"angle": 0, "axis": "y", "origin": [7.24537, 0.25164, 8.18914]},
			"faces": {
				"north": {"uv": [0, 0, 0.75, 0.25], "texture": "#3"},
				"east": {"uv": [0, 0, 0.75, 0.25], "texture": "#3"},
				"south": {"uv": [0, 0, 0.75, 0.25], "texture": "#3"},
				"west": {"uv": [0, 0, 0.75, 0.25], "texture": "#3"},
				"up": {"uv": [0.75, 0.75, 0, 0], "texture": "#3", "rotation": 180},
				"down": {"uv": [0.75, 0.75, 0, 0], "texture": "#3", "rotation": 180}
			}
		},
		{
			"from": [7.12037, 0.12664, 8.81414],
			"to": [7.87037, 0.37664, 9.56414],
			"rotation": {"angle": 0, "axis": "y", "origin": [7.49537, 0.25164, 9.18914]},
			"faces": {
				"north": {"uv": [0, 0, 0.75, 0.25], "texture": "#3"},
				"east": {"uv": [0, 0, 0.75, 0.25], "texture": "#3"},
				"south": {"uv": [0, 0, 0.75, 0.25], "texture": "#3"},
				"west": {"uv": [0, 0, 0.75, 0.25], "texture": "#3"},
				"up": {"uv": [0.75, 0.75, 0, 0], "texture": "#3", "rotation": 180},
				"down": {"uv": [0.75, 0.75, 0, 0], "texture": "#3", "rotation": 180}
			}
		},
		{
			"from": [6.62037, 0.12664, 6.81414],
			"to": [7.37037, 0.37664, 7.56414],
			"rotation": {"angle": 0, "axis": "y", "origin": [6.99537, 0.25164, 7.18914]},
			"faces": {
				"north": {"uv": [0, 0, 0.75, 0.25], "texture": "#3"},
				"east": {"uv": [0, 0, 0.75, 0.25], "texture": "#3"},
				"south": {"uv": [0, 0, 0.75, 0.25], "texture": "#3"},
				"west": {"uv": [0, 0, 0.75, 0.25], "texture": "#3"},
				"up": {"uv": [0.75, 0.75, 0, 0], "texture": "#3", "rotation": 180},
				"down": {"uv": [0.75, 0.75, 0, 0], "texture": "#3", "rotation": 180}
			}
		},
		{
			"from": [6.87037, 0.12664, 5.81414],
			"to": [7.62037, 0.37664, 6.56414],
			"rotation": {"angle": 0, "axis": "y", "origin": [7.24537, 0.25164, 6.18914]},
			"faces": {
				"north": {"uv": [0, 0, 0.75, 0.25], "texture": "#3"},
				"east": {"uv": [0, 0, 0.75, 0.25], "texture": "#3"},
				"south": {"uv": [0, 0, 0.75, 0.25], "texture": "#3"},
				"west": {"uv": [0, 0, 0.75, 0.25], "texture": "#3"},
				"up": {"uv": [0.75, 0.75, 0, 0], "texture": "#3", "rotation": 180},
				"down": {"uv": [0.75, 0.75, 0, 0], "texture": "#3", "rotation": 180}
			}
		},
		{
			"from": [7.87037, 0.12664, 5.81414],
			"to": [8.62037, 0.37664, 6.56414],
			"rotation": {"angle": 0, "axis": "y", "origin": [8.24537, 0.25164, 6.18914]},
			"faces": {
				"north": {"uv": [0, 0, 0.75, 0.25], "texture": "#3"},
				"east": {"uv": [0, 0, 0.75, 0.25], "texture": "#3"},
				"south": {"uv": [0, 0, 0.75, 0.25], "texture": "#3"},
				"west": {"uv": [0, 0, 0.75, 0.25], "texture": "#3"},
				"up": {"uv": [0.75, 0.75, 0, 0], "texture": "#3", "rotation": 180},
				"down": {"uv": [0.75, 0.75, 0, 0], "texture": "#3", "rotation": 180}
			}
		},
		{
			"from": [7.62037, 0.12664, 6.81414],
			"to": [8.37037, 0.37664, 7.56414],
			"rotation": {"angle": 0, "axis": "y", "origin": [7.99537, 0.25164, 7.18914]},
			"faces": {
				"north": {"uv": [0, 0, 0.75, 0.25], "texture": "#3"},
				"east": {"uv": [0, 0, 0.75, 0.25], "texture": "#3"},
				"south": {"uv": [0, 0, 0.75, 0.25], "texture": "#3"},
				"west": {"uv": [0, 0, 0.75, 0.25], "texture": "#3"},
				"up": {"uv": [0.75, 0.75, 0, 0], "texture": "#3", "rotation": 180},
				"down": {"uv": [0.75, 0.75, 0, 0], "texture": "#3", "rotation": 180}
			}
		},
		{
			"from": [7.87037, 0.12664, 7.81414],
			"to": [8.62037, 0.37664, 8.56414],
			"rotation": {"angle": 0, "axis": "y", "origin": [8.24537, 0.25164, 8.18914]},
			"faces": {
				"north": {"uv": [0, 0, 0.75, 0.25], "texture": "#3"},
				"east": {"uv": [0, 0, 0.75, 0.25], "texture": "#3"},
				"south": {"uv": [0, 0, 0.75, 0.25], "texture": "#3"},
				"west": {"uv": [0, 0, 0.75, 0.25], "texture": "#3"},
				"up": {"uv": [0.75, 0.75, 0, 0], "texture": "#3", "rotation": 180},
				"down": {"uv": [0.75, 0.75, 0, 0], "texture": "#3", "rotation": 180}
			}
		},
		{
			"from": [8.12037, 0.12664, 8.81414],
			"to": [8.87037, 0.37664, 9.56414],
			"rotation": {"angle": 0, "axis": "y", "origin": [8.49537, 0.25164, 9.18914]},
			"faces": {
				"north": {"uv": [0, 0, 0.75, 0.25], "texture": "#6"},
				"east": {"uv": [0, 0, 0.75, 0.25], "texture": "#6"},
				"south": {"uv": [0, 0, 0.75, 0.25], "texture": "#6"},
				"west": {"uv": [0, 0, 0.75, 0.25], "texture": "#6"},
				"up": {"uv": [0.75, 0.75, 0, 0], "texture": "#6", "rotation": 180},
				"down": {"uv": [0.75, 0.75, 0, 0], "texture": "#6", "rotation": 180}
			}
		},
		{
			"from": [9.12037, 0.12664, 8.81414],
			"to": [9.87037, 0.37664, 9.56414],
			"rotation": {"angle": 0, "axis": "y", "origin": [9.49537, 0.25164, 9.18914]},
			"faces": {
				"north": {"uv": [0, 0, 0.75, 0.25], "texture": "#6"},
				"east": {"uv": [0, 0, 0.75, 0.25], "texture": "#6"},
				"south": {"uv": [0, 0, 0.75, 0.25], "texture": "#6"},
				"west": {"uv": [0, 0, 0.75, 0.25], "texture": "#6"},
				"up": {"uv": [0.75, 0.75, 0, 0], "texture": "#6", "rotation": 180},
				"down": {"uv": [0.75, 0.75, 0, 0], "texture": "#6", "rotation": 180}
			}
		},
		{
			"from": [8.87037, 0.12664, 7.81414],
			"to": [9.62037, 0.37664, 8.56414],
			"rotation": {"angle": 0, "axis": "y", "origin": [9.24537, 0.25164, 8.18914]},
			"faces": {
				"north": {"uv": [0, 0, 0.75, 0.25], "texture": "#3"},
				"east": {"uv": [0, 0, 0.75, 0.25], "texture": "#3"},
				"south": {"uv": [0, 0, 0.75, 0.25], "texture": "#3"},
				"west": {"uv": [0, 0, 0.75, 0.25], "texture": "#3"},
				"up": {"uv": [0.75, 0.75, 0, 0], "texture": "#3", "rotation": 180},
				"down": {"uv": [0.75, 0.75, 0, 0], "texture": "#3", "rotation": 180}
			}
		},
		{
			"from": [8.62037, 0.12664, 6.81414],
			"to": [9.37037, 0.37664, 7.56414],
			"rotation": {"angle": 0, "axis": "y", "origin": [8.99537, 0.25164, 7.18914]},
			"faces": {
				"north": {"uv": [0, 0, 0.75, 0.25], "texture": "#3"},
				"east": {"uv": [0, 0, 0.75, 0.25], "texture": "#3"},
				"south": {"uv": [0, 0, 0.75, 0.25], "texture": "#3"},
				"west": {"uv": [0, 0, 0.75, 0.25], "texture": "#3"},
				"up": {"uv": [0.75, 0.75, 0, 0], "texture": "#3", "rotation": 180},
				"down": {"uv": [0.75, 0.75, 0, 0], "texture": "#3", "rotation": 180}
			}
		},
		{
			"from": [8.87037, 0.12664, 5.81414],
			"to": [9.62037, 0.37664, 6.56414],
			"rotation": {"angle": 0, "axis": "y", "origin": [9.24537, 0.25164, 6.18914]},
			"faces": {
				"north": {"uv": [0, 0, 0.75, 0.25], "texture": "#3"},
				"east": {"uv": [0, 0, 0.75, 0.25], "texture": "#3"},
				"south": {"uv": [0, 0, 0.75, 0.25], "texture": "#3"},
				"west": {"uv": [0, 0, 0.75, 0.25], "texture": "#3"},
				"up": {"uv": [0.75, 0.75, 0, 0], "texture": "#3", "rotation": 180},
				"down": {"uv": [0.75, 0.75, 0, 0], "texture": "#3", "rotation": 180}
			}
		},
		{
			"from": [9.87037, 0.12664, 5.81414],
			"to": [10.62037, 0.37664, 6.56414],
			"rotation": {"angle": 0, "axis": "y", "origin": [10.24537, 0.25164, 6.18914]},
			"faces": {
				"north": {"uv": [0, 0, 0.75, 0.25], "texture": "#3"},
				"east": {"uv": [0, 0, 0.75, 0.25], "texture": "#3"},
				"south": {"uv": [0, 0, 0.75, 0.25], "texture": "#3"},
				"west": {"uv": [0, 0, 0.75, 0.25], "texture": "#3"},
				"up": {"uv": [0.75, 0.75, 0, 0], "texture": "#3", "rotation": 180},
				"down": {"uv": [0.75, 0.75, 0, 0], "texture": "#3", "rotation": 180}
			}
		},
		{
			"from": [9.62037, 0.12664, 6.81414],
			"to": [10.37037, 0.37664, 7.56414],
			"rotation": {"angle": 0, "axis": "y", "origin": [9.99537, 0.25164, 7.18914]},
			"faces": {
				"north": {"uv": [0, 0, 0.75, 0.25], "texture": "#3"},
				"east": {"uv": [0, 0, 0.75, 0.25], "texture": "#3"},
				"south": {"uv": [0, 0, 0.75, 0.25], "texture": "#3"},
				"west": {"uv": [0, 0, 0.75, 0.25], "texture": "#3"},
				"up": {"uv": [0.75, 0.75, 0, 0], "texture": "#3", "rotation": 180},
				"down": {"uv": [0.75, 0.75, 0, 0], "texture": "#3", "rotation": 180}
			}
		},
		{
			"from": [9.87037, 0.12664, 7.81414],
			"to": [10.62037, 0.37664, 8.56414],
			"rotation": {"angle": 0, "axis": "y", "origin": [10.24537, 0.25164, 8.18914]},
			"faces": {
				"north": {"uv": [0, 0, 0.75, 0.25], "texture": "#3"},
				"east": {"uv": [0, 0, 0.75, 0.25], "texture": "#3"},
				"south": {"uv": [0, 0, 0.75, 0.25], "texture": "#3"},
				"west": {"uv": [0, 0, 0.75, 0.25], "texture": "#3"},
				"up": {"uv": [0.75, 0.75, 0, 0], "texture": "#3", "rotation": 180},
				"down": {"uv": [0.75, 0.75, 0, 0], "texture": "#3", "rotation": 180}
			}
		},
		{
			"from": [10.12037, 0.12664, 8.81414],
			"to": [10.87037, 0.37664, 9.56414],
			"rotation": {"angle": 0, "axis": "y", "origin": [10.49537, 0.25164, 9.18914]},
			"faces": {
				"north": {"uv": [0, 0, 0.75, 0.25], "texture": "#6"},
				"east": {"uv": [0, 0, 0.75, 0.25], "texture": "#6"},
				"south": {"uv": [0, 0, 0.75, 0.25], "texture": "#6"},
				"west": {"uv": [0, 0, 0.75, 0.25], "texture": "#6"},
				"up": {"uv": [0.75, 0.75, 0, 0], "texture": "#6", "rotation": 180},
				"down": {"uv": [0.75, 0.75, 0, 0], "texture": "#6", "rotation": 180}
			}
		},
		{
			"from": [11.12037, 0.12664, 8.81414],
			"to": [11.87037, 0.37664, 9.56414],
			"rotation": {"angle": 0, "axis": "y", "origin": [11.49537, 0.25164, 9.18914]},
			"faces": {
				"north": {"uv": [0, 0, 0.75, 0.25], "texture": "#6"},
				"east": {"uv": [0, 0, 0.75, 0.25], "texture": "#6"},
				"south": {"uv": [0, 0, 0.75, 0.25], "texture": "#6"},
				"west": {"uv": [0, 0, 0.75, 0.25], "texture": "#6"},
				"up": {"uv": [0.75, 0.75, 0, 0], "texture": "#6", "rotation": 180},
				"down": {"uv": [0.75, 0.75, 0, 0], "texture": "#6", "rotation": 180}
			}
		},
		{
			"from": [10.87037, 0.12664, 7.81414],
			"to": [11.62037, 0.37664, 8.56414],
			"rotation": {"angle": 0, "axis": "y", "origin": [11.24537, 0.25164, 8.18914]},
			"faces": {
				"north": {"uv": [0, 0, 0.75, 0.25], "texture": "#3"},
				"east": {"uv": [0, 0, 0.75, 0.25], "texture": "#3"},
				"south": {"uv": [0, 0, 0.75, 0.25], "texture": "#3"},
				"west": {"uv": [0, 0, 0.75, 0.25], "texture": "#3"},
				"up": {"uv": [0.75, 0.75, 0, 0], "texture": "#3", "rotation": 180},
				"down": {"uv": [0.75, 0.75, 0, 0], "texture": "#3", "rotation": 180}
			}
		},
		{
			"from": [10.62037, 0.12664, 6.81414],
			"to": [11.37037, 0.37664, 7.56414],
			"rotation": {"angle": 0, "axis": "y", "origin": [10.99537, 0.25164, 7.18914]},
			"faces": {
				"north": {"uv": [0, 0, 0.75, 0.25], "texture": "#3"},
				"east": {"uv": [0, 0, 0.75, 0.25], "texture": "#3"},
				"south": {"uv": [0, 0, 0.75, 0.25], "texture": "#3"},
				"west": {"uv": [0, 0, 0.75, 0.25], "texture": "#3"},
				"up": {"uv": [0.75, 0.75, 0, 0], "texture": "#3", "rotation": 180},
				"down": {"uv": [0.75, 0.75, 0, 0], "texture": "#3", "rotation": 180}
			}
		},
		{
			"from": [10.87037, 0.12664, 5.81414],
			"to": [11.62037, 0.37664, 6.56414],
			"rotation": {"angle": 0, "axis": "y", "origin": [11.24537, 0.25164, 6.18914]},
			"faces": {
				"north": {"uv": [0, 0, 0.75, 0.25], "texture": "#3"},
				"east": {"uv": [0, 0, 0.75, 0.25], "texture": "#3"},
				"south": {"uv": [0, 0, 0.75, 0.25], "texture": "#3"},
				"west": {"uv": [0, 0, 0.75, 0.25], "texture": "#3"},
				"up": {"uv": [0.75, 0.75, 0, 0], "texture": "#3", "rotation": 180},
				"down": {"uv": [0.75, 0.75, 0, 0], "texture": "#3", "rotation": 180}
			}
		},
		{
			"from": [11.62037, 0.12664, 6.81414],
			"to": [12.37037, 0.37664, 7.56414],
			"rotation": {"angle": 0, "axis": "y", "origin": [11.99537, 0.25164, 7.18914]},
			"faces": {
				"north": {"uv": [0, 0, 0.75, 0.25], "texture": "#3"},
				"east": {"uv": [0, 0, 0.75, 0.25], "texture": "#3"},
				"south": {"uv": [0, 0, 0.75, 0.25], "texture": "#3"},
				"west": {"uv": [0, 0, 0.75, 0.25], "texture": "#3"},
				"up": {"uv": [0.75, 0.75, 0, 0], "texture": "#3", "rotation": 180},
				"down": {"uv": [0.75, 0.75, 0, 0], "texture": "#3", "rotation": 180}
			}
		},
		{
			"from": [11.87037, 0.12664, 7.81414],
			"to": [12.62037, 0.37664, 8.56414],
			"rotation": {"angle": 0, "axis": "y", "origin": [12.24537, 0.25164, 8.18914]},
			"faces": {
				"north": {"uv": [0, 0, 0.75, 0.25], "texture": "#3"},
				"east": {"uv": [0, 0, 0.75, 0.25], "texture": "#3"},
				"south": {"uv": [0, 0, 0.75, 0.25], "texture": "#3"},
				"west": {"uv": [0, 0, 0.75, 0.25], "texture": "#3"},
				"up": {"uv": [0.75, 0.75, 0, 0], "texture": "#3", "rotation": 180},
				"down": {"uv": [0.75, 0.75, 0, 0], "texture": "#3", "rotation": 180}
			}
		},
		{
			"from": [12.12037, 0.12664, 8.81414],
			"to": [12.87037, 0.37664, 9.56414],
			"rotation": {"angle": 0, "axis": "y", "origin": [12.49537, 0.25164, 9.18914]},
			"faces": {
				"north": {"uv": [0, 0, 0.75, 0.25], "texture": "#6"},
				"east": {"uv": [0, 0, 0.75, 0.25], "texture": "#6"},
				"south": {"uv": [0, 0, 0.75, 0.25], "texture": "#6"},
				"west": {"uv": [0, 0, 0.75, 0.25], "texture": "#6"},
				"up": {"uv": [0.75, 0.75, 0, 0], "texture": "#6", "rotation": 180},
				"down": {"uv": [0.75, 0.75, 0, 0], "texture": "#6", "rotation": 180}
			}
		},
		{
			"from": [13.12037, 0.12664, 8.81414],
			"to": [13.87037, 0.37664, 9.56414],
			"rotation": {"angle": 0, "axis": "y", "origin": [13.49537, 0.25164, 9.18914]},
			"faces": {
				"north": {"uv": [0, 0, 0.75, 0.25], "texture": "#6"},
				"east": {"uv": [0, 0, 0.75, 0.25], "texture": "#6"},
				"south": {"uv": [0, 0, 0.75, 0.25], "texture": "#6"},
				"west": {"uv": [0, 0, 0.75, 0.25], "texture": "#6"},
				"up": {"uv": [0.75, 0.75, 0, 0], "texture": "#6", "rotation": 180},
				"down": {"uv": [0.75, 0.75, 0, 0], "texture": "#6", "rotation": 180}
			}
		},
		{
			"from": [12.87037, 0.12664, 7.81414],
			"to": [13.62037, 0.37664, 8.56414],
			"rotation": {"angle": 0, "axis": "y", "origin": [13.24537, 0.25164, 8.18914]},
			"faces": {
				"north": {"uv": [0, 0, 0.75, 0.25], "texture": "#3"},
				"east": {"uv": [0, 0, 0.75, 0.25], "texture": "#3"},
				"south": {"uv": [0, 0, 0.75, 0.25], "texture": "#3"},
				"west": {"uv": [0, 0, 0.75, 0.25], "texture": "#3"},
				"up": {"uv": [0.75, 0.75, 0, 0], "texture": "#3", "rotation": 180},
				"down": {"uv": [0.75, 0.75, 0, 0], "texture": "#3", "rotation": 180}
			}
		},
		{
			"from": [12.62037, 0.12664, 6.81414],
			"to": [13.37037, 0.37664, 7.56414],
			"rotation": {"angle": 0, "axis": "y", "origin": [12.99537, 0.25164, 7.18914]},
			"faces": {
				"north": {"uv": [0, 0, 0.75, 0.25], "texture": "#3"},
				"east": {"uv": [0, 0, 0.75, 0.25], "texture": "#3"},
				"south": {"uv": [0, 0, 0.75, 0.25], "texture": "#3"},
				"west": {"uv": [0, 0, 0.75, 0.25], "texture": "#3"},
				"up": {"uv": [0.75, 0.75, 0, 0], "texture": "#3", "rotation": 180},
				"down": {"uv": [0.75, 0.75, 0, 0], "texture": "#3", "rotation": 180}
			}
		},
		{
			"from": [11.87037, 0.12664, 5.81414],
			"to": [12.62037, 0.37664, 6.56414],
			"rotation": {"angle": 0, "axis": "y", "origin": [12.24537, 0.25164, 6.18914]},
			"faces": {
				"north": {"uv": [0, 0, 0.75, 0.25], "texture": "#3"},
				"east": {"uv": [0, 0, 0.75, 0.25], "texture": "#3"},
				"south": {"uv": [0, 0, 0.75, 0.25], "texture": "#3"},
				"west": {"uv": [0, 0, 0.75, 0.25], "texture": "#3"},
				"up": {"uv": [0.75, 0.75, 0, 0], "texture": "#3", "rotation": 180},
				"down": {"uv": [0.75, 0.75, 0, 0], "texture": "#3", "rotation": 180}
			}
		},
		{
			"from": [12.87037, 0.12664, 5.81414],
			"to": [13.62037, 0.37664, 6.56414],
			"rotation": {"angle": 0, "axis": "y", "origin": [13.24537, 0.25164, 6.18914]},
			"faces": {
				"north": {"uv": [0, 0, 0.75, 0.25], "texture": "#3"},
				"east": {"uv": [0, 0, 0.75, 0.25], "texture": "#3"},
				"south": {"uv": [0, 0, 0.75, 0.25], "texture": "#3"},
				"west": {"uv": [0, 0, 0.75, 0.25], "texture": "#3"},
				"up": {"uv": [0.75, 0.75, 0, 0], "texture": "#3", "rotation": 180},
				"down": {"uv": [0.75, 0.75, 0, 0], "texture": "#3", "rotation": 180}
			}
		},
		{
			"from": [13.62037, 0.12664, 6.81414],
			"to": [14.37037, 0.37664, 7.56414],
			"rotation": {"angle": 0, "axis": "y", "origin": [13.99537, 0.25164, 7.18914]},
			"faces": {
				"north": {"uv": [0, 0, 0.75, 0.25], "texture": "#3"},
				"east": {"uv": [0, 0, 0.75, 0.25], "texture": "#3"},
				"south": {"uv": [0, 0, 0.75, 0.25], "texture": "#3"},
				"west": {"uv": [0, 0, 0.75, 0.25], "texture": "#3"},
				"up": {"uv": [0.75, 0.75, 0, 0], "texture": "#3", "rotation": 180},
				"down": {"uv": [0.75, 0.75, 0, 0], "texture": "#3", "rotation": 180}
			}
		},
		{
			"from": [13.87037, 0.12664, 7.81414],
			"to": [14.62037, 0.37664, 8.56414],
			"rotation": {"angle": 0, "axis": "y", "origin": [14.24537, 0.25164, 8.18914]},
			"faces": {
				"north": {"uv": [0, 0, 0.75, 0.25], "texture": "#3"},
				"east": {"uv": [0, 0, 0.75, 0.25], "texture": "#3"},
				"south": {"uv": [0, 0, 0.75, 0.25], "texture": "#3"},
				"west": {"uv": [0, 0, 0.75, 0.25], "texture": "#3"},
				"up": {"uv": [0.75, 0.75, 0, 0], "texture": "#3", "rotation": 180},
				"down": {"uv": [0.75, 0.75, 0, 0], "texture": "#3", "rotation": 180}
			}
		},
		{
			"from": [14.12037, 0.12664, 8.81414],
			"to": [14.87037, 0.37664, 9.56414],
			"rotation": {"angle": 0, "axis": "y", "origin": [14.49537, 0.25164, 9.18914]},
			"faces": {
				"north": {"uv": [0, 0, 0.75, 0.25], "texture": "#6"},
				"east": {"uv": [0, 0, 0.75, 0.25], "texture": "#6"},
				"south": {"uv": [0, 0, 0.75, 0.25], "texture": "#6"},
				"west": {"uv": [0, 0, 0.75, 0.25], "texture": "#6"},
				"up": {"uv": [0.75, 0.75, 0, 0], "texture": "#6", "rotation": 180},
				"down": {"uv": [0.75, 0.75, 0, 0], "texture": "#6", "rotation": 180}
			}
		},
		{
			"from": [15.12037, 0.12664, 8.81414],
			"to": [15.87037, 0.37664, 9.56414],
			"rotation": {"angle": 0, "axis": "y", "origin": [15.49537, 0.25164, 9.18914]},
			"faces": {
				"north": {"uv": [0, 0, 0.75, 0.25], "texture": "#6"},
				"east": {"uv": [0, 0, 0.75, 0.25], "texture": "#6"},
				"south": {"uv": [0, 0, 0.75, 0.25], "texture": "#6"},
				"west": {"uv": [0, 0, 0.75, 0.25], "texture": "#6"},
				"up": {"uv": [0.75, 0.75, 0, 0], "texture": "#6", "rotation": 180},
				"down": {"uv": [0.75, 0.75, 0, 0], "texture": "#6", "rotation": 180}
			}
		},
		{
			"from": [14.87037, 0.12664, 7.81414],
			"to": [15.62037, 0.37664, 8.56414],
			"rotation": {"angle": 0, "axis": "y", "origin": [15.24537, 0.25164, 8.18914]},
			"faces": {
				"north": {"uv": [0, 0, 0.75, 0.25], "texture": "#3"},
				"east": {"uv": [0, 0, 0.75, 0.25], "texture": "#3"},
				"south": {"uv": [0, 0, 0.75, 0.25], "texture": "#3"},
				"west": {"uv": [0, 0, 0.75, 0.25], "texture": "#3"},
				"up": {"uv": [0.75, 0.75, 0, 0], "texture": "#3", "rotation": 180},
				"down": {"uv": [0.75, 0.75, 0, 0], "texture": "#3", "rotation": 180}
			}
		},
		{
			"from": [14.62037, 0.12664, 6.81414],
			"to": [15.37037, 0.37664, 7.56414],
			"rotation": {"angle": 0, "axis": "y", "origin": [14.99537, 0.25164, 7.18914]},
			"faces": {
				"north": {"uv": [0, 0, 0.75, 0.25], "texture": "#2"},
				"east": {"uv": [0, 0, 0.75, 0.25], "texture": "#2"},
				"south": {"uv": [0, 0, 0.75, 0.25], "texture": "#2"},
				"west": {"uv": [0, 0, 0.75, 0.25], "texture": "#2"},
				"up": {"uv": [0.75, 0.75, 0, 0], "texture": "#2", "rotation": 180},
				"down": {"uv": [0.75, 0.75, 0, 0], "texture": "#2", "rotation": 180}
			}
		},
		{
			"from": [13.87037, 0.12664, 5.81414],
			"to": [14.62037, 0.37664, 6.56414],
			"rotation": {"angle": 0, "axis": "y", "origin": [14.24537, 0.25164, 6.18914]},
			"faces": {
				"north": {"uv": [0, 0, 0.75, 0.25], "texture": "#3"},
				"east": {"uv": [0, 0, 0.75, 0.25], "texture": "#3"},
				"south": {"uv": [0, 0, 0.75, 0.25], "texture": "#3"},
				"west": {"uv": [0, 0, 0.75, 0.25], "texture": "#3"},
				"up": {"uv": [0.75, 0.75, 0, 0], "texture": "#3", "rotation": 180},
				"down": {"uv": [0.75, 0.75, 0, 0], "texture": "#3", "rotation": 180}
			}
		},
		{
			"from": [14.87037, 0.12664, 5.81414],
			"to": [15.62037, 0.37664, 6.56414],
			"rotation": {"angle": 0, "axis": "y", "origin": [15.24537, 0.25164, 6.18914]},
			"faces": {
				"north": {"uv": [0, 0, 0.75, 0.25], "texture": "#3"},
				"east": {"uv": [0, 0, 0.75, 0.25], "texture": "#3"},
				"south": {"uv": [0, 0, 0.75, 0.25], "texture": "#3"},
				"west": {"uv": [0, 0, 0.75, 0.25], "texture": "#3"},
				"up": {"uv": [0.75, 0.75, 0, 0], "texture": "#3", "rotation": 180},
				"down": {"uv": [0.75, 0.75, 0, 0], "texture": "#3", "rotation": 180}
			}
		},
		{
			"from": [15.62037, 0.12664, 6.81414],
			"to": [16.37037, 0.37664, 7.56414],
			"rotation": {"angle": 0, "axis": "y", "origin": [15.99537, 0.25164, 7.18914]},
			"faces": {
				"north": {"uv": [0, 0, 0.75, 0.25], "texture": "#2"},
				"east": {"uv": [0, 0, 0.75, 0.25], "texture": "#2"},
				"south": {"uv": [0, 0, 0.75, 0.25], "texture": "#2"},
				"west": {"uv": [0, 0, 0.75, 0.25], "texture": "#2"},
				"up": {"uv": [0.75, 0.75, 0, 0], "texture": "#2", "rotation": 180},
				"down": {"uv": [0.75, 0.75, 0, 0], "texture": "#2", "rotation": 180}
			}
		},
		{
			"from": [15.87037, 0.12664, 7.81414],
			"to": [16.62037, 0.37664, 8.56414],
			"rotation": {"angle": 0, "axis": "y", "origin": [16.24537, 0.25164, 8.18914]},
			"faces": {
				"north": {"uv": [0, 0, 0.75, 0.25], "texture": "#2"},
				"east": {"uv": [0, 0, 0.75, 0.25], "texture": "#2"},
				"south": {"uv": [0, 0, 0.75, 0.25], "texture": "#2"},
				"west": {"uv": [0, 0, 0.75, 0.25], "texture": "#2"},
				"up": {"uv": [0.75, 0.75, 0, 0], "texture": "#2", "rotation": 180},
				"down": {"uv": [0.75, 0.75, 0, 0], "texture": "#2", "rotation": 180}
			}
		},
		{
			"from": [16.12037, 0.12664, 8.81414],
			"to": [16.87037, 0.37664, 9.56414],
			"rotation": {"angle": 0, "axis": "y", "origin": [16.49537, 0.25164, 9.18914]},
			"faces": {
				"north": {"uv": [0, 0, 0.75, 0.25], "texture": "#6"},
				"east": {"uv": [0, 0, 0.75, 0.25], "texture": "#6"},
				"south": {"uv": [0, 0, 0.75, 0.25], "texture": "#6"},
				"west": {"uv": [0, 0, 0.75, 0.25], "texture": "#6"},
				"up": {"uv": [0.75, 0.75, 0, 0], "texture": "#6", "rotation": 180},
				"down": {"uv": [0.75, 0.75, 0, 0], "texture": "#6", "rotation": 180}
			}
		},
		{
			"from": [17.12037, 0.12664, 8.81414],
			"to": [17.87037, 0.37664, 9.56414],
			"rotation": {"angle": 0, "axis": "y", "origin": [17.49537, 0.25164, 9.18914]},
			"faces": {
				"north": {"uv": [0, 0, 0.75, 0.25], "texture": "#6"},
				"east": {"uv": [0, 0, 0.75, 0.25], "texture": "#6"},
				"south": {"uv": [0, 0, 0.75, 0.25], "texture": "#6"},
				"west": {"uv": [0, 0, 0.75, 0.25], "texture": "#6"},
				"up": {"uv": [0.75, 0.75, 0, 0], "texture": "#6", "rotation": 180},
				"down": {"uv": [0.75, 0.75, 0, 0], "texture": "#6", "rotation": 180}
			}
		},
		{
			"from": [16.87037, 0.12664, 7.81414],
			"to": [17.62037, 0.37664, 8.56414],
			"rotation": {"angle": 0, "axis": "y", "origin": [17.24537, 0.25164, 8.18914]},
			"faces": {
				"north": {"uv": [0, 0, 0.75, 0.25], "texture": "#3"},
				"east": {"uv": [0, 0, 0.75, 0.25], "texture": "#3"},
				"south": {"uv": [0, 0, 0.75, 0.25], "texture": "#3"},
				"west": {"uv": [0, 0, 0.75, 0.25], "texture": "#3"},
				"up": {"uv": [0.75, 0.75, 0, 0], "texture": "#3", "rotation": 180},
				"down": {"uv": [0.75, 0.75, 0, 0], "texture": "#3", "rotation": 180}
			}
		},
		{
			"from": [16.62037, 0.12664, 6.81414],
			"to": [17.37037, 0.37664, 7.56414],
			"rotation": {"angle": 0, "axis": "y", "origin": [16.99537, 0.25164, 7.18914]},
			"faces": {
				"north": {"uv": [0, 0, 0.75, 0.25], "texture": "#2"},
				"east": {"uv": [0, 0, 0.75, 0.25], "texture": "#2"},
				"south": {"uv": [0, 0, 0.75, 0.25], "texture": "#2"},
				"west": {"uv": [0, 0, 0.75, 0.25], "texture": "#2"},
				"up": {"uv": [0.75, 0.75, 0, 0], "texture": "#2", "rotation": 180},
				"down": {"uv": [0.75, 0.75, 0, 0], "texture": "#2", "rotation": 180}
			}
		},
		{
			"from": [15.87037, 0.12664, 5.81414],
			"to": [16.62037, 0.37664, 6.56414],
			"rotation": {"angle": 0, "axis": "y", "origin": [16.24537, 0.25164, 6.18914]},
			"faces": {
				"north": {"uv": [0, 0, 0.75, 0.25], "texture": "#3"},
				"east": {"uv": [0, 0, 0.75, 0.25], "texture": "#3"},
				"south": {"uv": [0, 0, 0.75, 0.25], "texture": "#3"},
				"west": {"uv": [0, 0, 0.75, 0.25], "texture": "#3"},
				"up": {"uv": [0.75, 0.75, 0, 0], "texture": "#3", "rotation": 180},
				"down": {"uv": [0.75, 0.75, 0, 0], "texture": "#3", "rotation": 180}
			}
		},
		{
			"from": [18.12037, 0.12664, 8.81414],
			"to": [18.87037, 0.37664, 9.56414],
			"rotation": {"angle": 0, "axis": "y", "origin": [18.49537, 0.25164, 9.18914]},
			"faces": {
				"north": {"uv": [0, 0, 0.75, 0.25], "texture": "#3"},
				"east": {"uv": [0, 0, 0.75, 0.25], "texture": "#3"},
				"south": {"uv": [0, 0, 0.75, 0.25], "texture": "#3"},
				"west": {"uv": [0, 0, 0.75, 0.25], "texture": "#3"},
				"up": {"uv": [0.75, 0.75, 0, 0], "texture": "#3", "rotation": 180},
				"down": {"uv": [0.75, 0.75, 0, 0], "texture": "#3", "rotation": 180}
			}
		},
		{
			"name": "esc",
			"from": [18.12037, 0.12664, 10.31414],
			"to": [18.87037, 0.37664, 10.81414],
			"rotation": {"angle": 0, "axis": "y", "origin": [18.49537, 0.25164, 10.56414]},
			"faces": {
				"north": {"uv": [0, 0, 0.75, 0.25], "texture": "#5"},
				"east": {"uv": [0, 0, 0.5, 0.25], "texture": "#5"},
				"south": {"uv": [0, 0, 0.75, 0.25], "texture": "#5"},
				"west": {"uv": [0, 0, 0.5, 0.25], "texture": "#5"},
				"up": {"uv": [0.75, 0.5, 0, 0], "texture": "#5", "rotation": 180},
				"down": {"uv": [0.75, 0.5, 0, 0], "texture": "#5", "rotation": 180}
			}
		},
		{
			"from": [4.37037, 0.12664, 6.81414],
			"to": [6.37037, 0.37664, 7.56414],
			"rotation": {"angle": 0, "axis": "y", "origin": [5.37037, 0.25164, 7.18914]},
			"faces": {
				"north": {"uv": [0, 0, 2, 0.25], "texture": "#3"},
				"east": {"uv": [0, 0, 0.75, 0.25], "texture": "#3"},
				"south": {"uv": [0, 0, 2, 0.25], "texture": "#3"},
				"west": {"uv": [0, 0, 0.75, 0.25], "texture": "#3"},
				"up": {"uv": [2, 0.75, 0, 0], "texture": "#3", "rotation": 180},
				"down": {"uv": [2, 0.75, 0, 0], "texture": "#3", "rotation": 180}
			}
		},
		{
			"from": [4.37037, 0.12664, 8.81414],
			"to": [5.87037, 0.37664, 9.56414],
			"rotation": {"angle": 0, "axis": "y", "origin": [5.12037, 0.25164, 9.18914]},
			"faces": {
				"north": {"uv": [0, 0, 1.5, 0.25], "texture": "#3"},
				"east": {"uv": [0, 0, 0.75, 0.25], "texture": "#3"},
				"south": {"uv": [0, 0, 1.5, 0.25], "texture": "#3"},
				"west": {"uv": [0, 0, 0.75, 0.25], "texture": "#3"},
				"up": {"uv": [1.5, 0.75, 0, 0], "texture": "#3", "rotation": 180},
				"down": {"uv": [1.5, 0.75, 0, 0], "texture": "#3", "rotation": 180}
			}
		},
		{
			"from": [4.37037, 0.12664, 7.81414],
			"to": [5.62037, 0.37664, 8.56414],
			"rotation": {"angle": 0, "axis": "y", "origin": [4.99537, 0.25164, 8.18914]},
			"faces": {
				"north": {"uv": [0, 0, 1.25, 0.25], "texture": "#3"},
				"east": {"uv": [0, 0, 0.75, 0.25], "texture": "#3"},
				"south": {"uv": [0, 0, 1.25, 0.25], "texture": "#3"},
				"west": {"uv": [0, 0, 0.75, 0.25], "texture": "#3"},
				"up": {"uv": [1.25, 0.75, 0, 0], "texture": "#3", "rotation": 180},
				"down": {"uv": [1.25, 0.75, 0, 0], "texture": "#3", "rotation": 180}
			}
		},
		{
			"from": [4.37037, 0.12664, 5.81414],
			"to": [6.62037, 0.37664, 6.56414],
			"rotation": {"angle": 0, "axis": "y", "origin": [5.49537, 0.25164, 6.18914]},
			"faces": {
				"north": {"uv": [0, 0, 2.25, 0.25], "texture": "#3"},
				"east": {"uv": [0, 0, 0.75, 0.25], "texture": "#3"},
				"south": {"uv": [0, 0, 2.25, 0.25], "texture": "#3"},
				"west": {"uv": [0, 0, 0.75, 0.25], "texture": "#3"},
				"up": {"uv": [2.25, 0.75, 0, 0], "texture": "#3", "rotation": 180},
				"down": {"uv": [2.25, 0.75, 0, 0], "texture": "#3", "rotation": 180}
			}
		},
		{
			"name": "space",
			"from": [9.37037, 0.12664, 4.81414],
			"to": [15.12037, 0.37664, 5.56414],
			"rotation": {"angle": 0, "axis": "y", "origin": [12.24537, 0.25164, 5.18914]},
			"faces": {
				"north": {"uv": [0, 0, 5.75, 0.25], "texture": "#2"},
				"east": {"uv": [0, 0, 0.75, 0.25], "texture": "#2"},
				"south": {"uv": [0, 0, 5.75, 0.25], "texture": "#2"},
				"west": {"uv": [0, 0, 0.75, 0.25], "texture": "#2"},
				"up": {"uv": [5.75, 0.75, 0, 0], "texture": "#2", "rotation": 180},
				"down": {"uv": [5.75, 0.75, 0, 0], "texture": "#2", "rotation": 180}
			}
		},
		{
			"from": [16.87037, 0.12664, 5.81414],
			"to": [18.87037, 0.37664, 6.56414],
			"rotation": {"angle": 0, "axis": "y", "origin": [17.87037, 0.25164, 6.18914]},
			"faces": {
				"north": {"uv": [0, 0, 2, 0.25], "texture": "#2"},
				"east": {"uv": [0, 0, 0.75, 0.25], "texture": "#2"},
				"south": {"uv": [0, 0, 2, 0.25], "texture": "#2"},
				"west": {"uv": [0, 0, 0.75, 0.25], "texture": "#2"},
				"up": {"uv": [2, 0.75, 0, 0], "texture": "#2", "rotation": 180},
				"down": {"uv": [2, 0.75, 0, 0], "texture": "#2", "rotation": 180}
			}
		},
		{
			"from": [17.62037, 0.12664, 6.81414],
			"to": [18.87037, 0.37664, 7.56414],
			"rotation": {"angle": 0, "axis": "y", "origin": [18.24537, 0.25164, 7.18914]},
			"faces": {
				"north": {"uv": [0, 0, 1.25, 0.25], "texture": "#3"},
				"east": {"uv": [0, 0, 0.75, 0.25], "texture": "#3"},
				"south": {"uv": [0, 0, 1.25, 0.25], "texture": "#3"},
				"west": {"uv": [0, 0, 0.75, 0.25], "texture": "#3"},
				"up": {"uv": [1.25, 0.75, 0, 0], "texture": "#3", "rotation": 180},
				"down": {"uv": [1.25, 0.75, 0, 0], "texture": "#3", "rotation": 180}
			}
		},
		{
			"from": [17.87037, 0.12664, 7.81414],
			"to": [18.87037, 0.37664, 8.56414],
			"rotation": {"angle": 0, "axis": "y", "origin": [18.37037, 0.25164, 8.18914]},
			"faces": {
				"north": {"uv": [0, 0, 1, 0.25], "texture": "#3"},
				"east": {"uv": [0, 0, 0.75, 0.25], "texture": "#3"},
				"south": {"uv": [0, 0, 1, 0.25], "texture": "#3"},
				"west": {"uv": [0, 0, 0.75, 0.25], "texture": "#3"},
				"up": {"uv": [1, 0.75, 0, 0], "texture": "#3", "rotation": 180},
				"down": {"uv": [1, 0.75, 0, 0], "texture": "#3", "rotation": 180}
			}
		},
		{
			"from": [17.87037, 0.12664, 4.81414],
			"to": [18.87037, 0.37664, 5.56414],
			"rotation": {"angle": 0, "axis": "y", "origin": [18.37037, 0.25164, 5.18914]},
			"faces": {
				"north": {"uv": [0, 0, 1, 0.25], "texture": "#3"},
				"east": {"uv": [0, 0, 0.75, 0.25], "texture": "#3"},
				"south": {"uv": [0, 0, 1, 0.25], "texture": "#3"},
				"west": {"uv": [0, 0, 0.75, 0.25], "texture": "#3"},
				"up": {"uv": [1, 0.75, 0, 0], "texture": "#3", "rotation": 180},
				"down": {"uv": [1, 0.75, 0, 0], "texture": "#3", "rotation": 180}
			}
		},
		{
			"from": [16.62037, 0.12664, 4.81414],
			"to": [17.62037, 0.37664, 5.56414],
			"rotation": {"angle": 0, "axis": "y", "origin": [17.12037, 0.25164, 5.18914]},
			"faces": {
				"north": {"uv": [0, 0, 1, 0.25], "texture": "#3"},
				"east": {"uv": [0, 0, 0.75, 0.25], "texture": "#3"},
				"south": {"uv": [0, 0, 1, 0.25], "texture": "#3"},
				"west": {"uv": [0, 0, 0.75, 0.25], "texture": "#3"},
				"up": {"uv": [1, 0.75, 0, 0], "texture": "#3", "rotation": 180},
				"down": {"uv": [1, 0.75, 0, 0], "texture": "#3", "rotation": 180}
			}
		},
		{
			"from": [15.37037, 0.12664, 4.81414],
			"to": [16.37037, 0.37664, 5.56414],
			"rotation": {"angle": 0, "axis": "y", "origin": [15.87037, 0.25164, 5.18914]},
			"faces": {
				"north": {"uv": [0, 0, 1, 0.25], "texture": "#3"},
				"east": {"uv": [0, 0, 0.75, 0.25], "texture": "#3"},
				"south": {"uv": [0, 0, 1, 0.25], "texture": "#3"},
				"west": {"uv": [0, 0, 0.75, 0.25], "texture": "#3"},
				"up": {"uv": [1, 0.75, 0, 0], "texture": "#3", "rotation": 180},
				"down": {"uv": [1, 0.75, 0, 0], "texture": "#3", "rotation": 180}
			}
		},
		{
			"from": [8.12037, 0.12664, 4.81414],
			"to": [9.12037, 0.37664, 5.56414],
			"rotation": {"angle": 0, "axis": "y", "origin": [8.62037, 0.25164, 5.18914]},
			"faces": {
				"north": {"uv": [0, 0, 1, 0.25], "texture": "#3"},
				"east": {"uv": [0, 0, 0.75, 0.25], "texture": "#3"},
				"south": {"uv": [0, 0, 1, 0.25], "texture": "#3"},
				"west": {"uv": [0, 0, 0.75, 0.25], "texture": "#3"},
				"up": {"uv": [1, 0.75, 0, 0], "texture": "#3", "rotation": 180},
				"down": {"uv": [1, 0.75, 0, 0], "texture": "#3", "rotation": 180}
			}
		},
		{
			"from": [6.87037, 0.12664, 4.81414],
			"to": [7.87037, 0.37664, 5.56414],
			"rotation": {"angle": 0, "axis": "y", "origin": [7.37037, 0.25164, 5.18914]},
			"faces": {
				"north": {"uv": [0, 0, 1, 0.25], "texture": "#3"},
				"east": {"uv": [0, 0, 0.75, 0.25], "texture": "#3"},
				"south": {"uv": [0, 0, 1, 0.25], "texture": "#3"},
				"west": {"uv": [0, 0, 0.75, 0.25], "texture": "#3"},
				"up": {"uv": [1, 0.75, 0, 0], "texture": "#3", "rotation": 180},
				"down": {"uv": [1, 0.75, 0, 0], "texture": "#3", "rotation": 180}
			}
		},
		{
			"from": [5.62037, 0.12664, 4.81414],
			"to": [6.62037, 0.37664, 5.56414],
			"rotation": {"angle": 0, "axis": "y", "origin": [6.12037, 0.25164, 5.18914]},
			"faces": {
				"north": {"uv": [0, 0, 1, 0.25], "texture": "#3"},
				"east": {"uv": [0, 0, 0.75, 0.25], "texture": "#3"},
				"south": {"uv": [0, 0, 1, 0.25], "texture": "#3"},
				"west": {"uv": [0, 0, 0.75, 0.25], "texture": "#3"},
				"up": {"uv": [1, 0.75, 0, 0], "texture": "#3", "rotation": 180},
				"down": {"uv": [1, 0.75, 0, 0], "texture": "#3", "rotation": 180}
			}
		},
		{
			"from": [4.37037, 0.12664, 4.81414],
			"to": [5.37037, 0.37664, 5.56414],
			"rotation": {"angle": 0, "axis": "y", "origin": [4.87037, 0.25164, 5.18914]},
			"faces": {
				"north": {"uv": [0, 0, 1, 0.25], "texture": "#3"},
				"east": {"uv": [0, 0, 0.75, 0.25], "texture": "#3"},
				"south": {"uv": [0, 0, 1, 0.25], "texture": "#3"},
				"west": {"uv": [0, 0, 0.75, 0.25], "texture": "#3"},
				"up": {"uv": [1, 0.75, 0, 0], "texture": "#3", "rotation": 180},
				"down": {"uv": [1, 0.75, 0, 0], "texture": "#3", "rotation": 180}
			}
		}
	],
	"display": {
		"thirdperson_righthand": {
			"scale": [0.75, 0.75, 0.75],
			"rotation": [0, 0, 90],
			"translation": [-6, 3, 3]
		},
		"thirdperson_lefthand": {
			"scale": [0.75, 0.75, 0.75],
			"rotation": [0, 0, 90],
			"translation": [-6, 3, 3]
		},
		"head": {
			"rotation": [-90, 0, 0],
			"translation": [0, 0, -15]
		},
		"ground": {
			"translation": [0, 5, 0]
		},
		"gui": {
			"rotation": [90, 180, 0]
		}
	},
	"groups": [0, 1, 2, 3,
		{
			"name": "button",
			"isOpen": false,
			"shade": true,
			"display": {
				"visibility": true,
				"autouv": true
			},
			"children": [
				{
					"name": "f12",
					"isOpen": false,
					"shade": true,
					"display": {
						"visibility": true,
						"autouv": true
					},
					"children": [4, 5, 6, 7, 8, 9, 10, 11, 12, 13, 14, 15]
				},
				{
					"name": "normal",
					"isOpen": true,
					"shade": true,
					"display": {
						"visibility": true,
						"autouv": true
					},
					"children": [16, 17, 18, 19, 20, 21, 22, 23, 24, 25, 26, 27, 28, 29, 30, 31, 32, 33, 34, 35, 36, 37, 38, 39, 40, 41, 42, 43, 44, 45, 46, 47, 48, 49, 50, 51, 52, 53, 54, 55, 56, 57, 58, 59, 60, 61, 62, 63, 64, 65, 66, 67, 68, 69, 70, 71, 72, 73, 74, 75, 76, 77, 78, 79, 80, 81, 82, 83, 84, 85, 86, 87, 88, 89, 90, 91]
				}, 92, 93, 94, 95, 96, 97, 98, 99, 100, 101, 102, 103, 104, 105, 106, 107]
		}
	]
}