{
	"credit": "Made with Blockbench, a free, modern block model editor by JannisX11, model design by bill96012",
	"textures": {
		"0": "custom/concrete_light_blue",
		"1": "custom/concrete_black",
		"2": "custom/concrete_red",
		"3": "custom/concrete_gray",
		"4": "custom/concrete_lime",
		"5": "custom/concrete_cyan",
		"6": "custom/concrete_silver",
		"1_0": "custom/concrete_gray",
		"particle": "custom/concrete_gray",
		"1_1": "custom/concrete_black",
		"1_2": "custom/concrete_red"
	},
	"elements": [
		{
			"from": [17.87963, 0.12664, 6.93586],
			"to": [18.12963, 0.37664, 7.18586],
			"rotation": {"angle": 0, "axis": "y", "origin": [18.00463, 0.25164, 7.06086]},
			"faces": {
				"north": {"uv": [0, 0, 0.25, 0.25], "texture": "#4"},
				"east": {"uv": [0, 0, 0.25, 0.25], "texture": "#4"},
				"south": {"uv": [0, 0, 0.25, 0.25], "texture": "#4"},
				"west": {"uv": [0, 0, 0.25, 0.25], "texture": "#4"},
				"up": {"uv": [0, 0, 0.25, 0.25], "texture": "#4", "rotation": 180},
				"down": {"uv": [0, 0, 0.25, 0.25], "texture": "#4", "rotation": 180}
			}
		},
		{
			"from": [17.12963, 0.12664, 6.93586],
			"to": [17.37963, 0.37664, 7.18586],
			"rotation": {"angle": 0, "axis": "y", "origin": [17.25463, 0.25164, 7.06086]},
			"faces": {
				"north": {"uv": [0, 0, 0.25, 0.25], "texture": "#4"},
				"east": {"uv": [0, 0, 0.25, 0.25], "texture": "#4"},
				"south": {"uv": [0, 0, 0.25, 0.25], "texture": "#4"},
				"west": {"uv": [0, 0, 0.25, 0.25], "texture": "#4"},
				"up": {"uv": [0, 0, 0.25, 0.25], "texture": "#4", "rotation": 180},
				"down": {"uv": [0, 0, 0.25, 0.25], "texture": "#4", "rotation": 180}
			}
		},
		{
			"from": [16.37963, 0.12664, 6.93586],
			"to": [16.62963, 0.37664, 7.18586],
			"rotation": {"angle": 0, "axis": "y", "origin": [16.50463, 0.25164, 7.06086]},
			"faces": {
				"north": {"uv": [0, 0, 0.25, 0.25], "texture": "#4"},
				"east": {"uv": [0, 0, 0.25, 0.25], "texture": "#4"},
				"south": {"uv": [0, 0, 0.25, 0.25], "texture": "#4"},
				"west": {"uv": [0, 0, 0.25, 0.25], "texture": "#4"},
				"up": {"uv": [0, 0, 0.25, 0.25], "texture": "#4", "rotation": 180},
				"down": {"uv": [0, 0, 0.25, 0.25], "texture": "#4", "rotation": 180}
			}
		},
		{
			"name": "base",
			"from": [-3.12037, 0.00164, 6.43586],
			"to": [19.37963, 0.25164, 13.18586],
			"rotation": {"angle": 0, "axis": "y", "origin": [8.12963, 0.12664, 9.81086]},
			"faces": {
				"north": {"uv": [0, 0, 15, 0.25], "texture": "#1"},
				"east": {"uv": [0, 0, 6.75, 0.25], "texture": "#1"},
				"south": {"uv": [0, 0, 15, 0.25], "texture": "#1"},
				"west": {"uv": [0, 0, 6.75, 0.25], "texture": "#1"},
				"up": {"uv": [0, 0, 15, 6.75], "texture": "#1", "rotation": 180},
				"down": {"uv": [0, 0, 15, 6.75], "texture": "#1", "rotation": 180}
			}
		},
		{
			"from": [9.87963, 0.12664, 6.68586],
			"to": [10.62963, 0.37664, 7.18586],
			"rotation": {"angle": 0, "axis": "y", "origin": [10.25463, 0.25164, 6.93586]},
			"faces": {
				"north": {"uv": [0, 0, 0.75, 0.25], "texture": "#0"},
				"east": {"uv": [0, 0, 0.5, 0.25], "texture": "#0"},
				"south": {"uv": [0, 0, 0.75, 0.25], "texture": "#0"},
				"west": {"uv": [0, 0, 0.5, 0.25], "texture": "#0"},
				"up": {"uv": [1.5, 1, 2.25, 1.5], "texture": "#0", "rotation": 180},
				"down": {"uv": [1.5, 1, 2.25, 1.5], "texture": "#0", "rotation": 180}
			}
		},
		{
			"from": [8.87963, 0.12664, 6.68586],
			"to": [9.62963, 0.37664, 7.18586],
			"rotation": {"angle": 0, "axis": "y", "origin": [9.25463, 0.25164, 6.93586]},
			"faces": {
				"north": {"uv": [0, 0, 0.75, 0.25], "texture": "#0"},
				"east": {"uv": [0, 0, 0.5, 0.25], "texture": "#0"},
				"south": {"uv": [0, 0, 0.75, 0.25], "texture": "#0"},
				"west": {"uv": [0, 0, 0.5, 0.25], "texture": "#0"},
				"up": {"uv": [1.5, 1, 2.25, 1.5], "texture": "#0", "rotation": 180},
				"down": {"uv": [1.5, 1, 2.25, 1.5], "texture": "#0", "rotation": 180}
			}
		},
		{
			"from": [7.87963, 0.12664, 6.68586],
			"to": [8.62963, 0.37664, 7.18586],
			"rotation": {"angle": 0, "axis": "y", "origin": [8.25463, 0.25164, 6.93586]},
			"faces": {
				"north": {"uv": [0, 0, 0.75, 0.25], "texture": "#0"},
				"east": {"uv": [0, 0, 0.5, 0.25], "texture": "#0"},
				"south": {"uv": [0, 0, 0.75, 0.25], "texture": "#0"},
				"west": {"uv": [0, 0, 0.5, 0.25], "texture": "#0"},
				"up": {"uv": [1.5, 1, 2.25, 1.5], "texture": "#0", "rotation": 180},
				"down": {"uv": [1.5, 1, 2.25, 1.5], "texture": "#0", "rotation": 180}
			}
		},
		{
			"from": [6.87963, 0.12664, 6.68586],
			"to": [7.62963, 0.37664, 7.18586],
			"rotation": {"angle": 0, "axis": "y", "origin": [7.25463, 0.25164, 6.93586]},
			"faces": {
				"north": {"uv": [0, 0, 0.75, 0.25], "texture": "#0"},
				"east": {"uv": [0, 0, 0.5, 0.25], "texture": "#0"},
				"south": {"uv": [0, 0, 0.75, 0.25], "texture": "#0"},
				"west": {"uv": [0, 0, 0.5, 0.25], "texture": "#0"},
				"up": {"uv": [1.5, 1, 2.25, 1.5], "texture": "#0", "rotation": 180},
				"down": {"uv": [1.5, 1, 2.25, 1.5], "texture": "#0", "rotation": 180}
			}
		},
		{
			"from": [5.62963, 0.12664, 6.68586],
			"to": [6.37963, 0.37664, 7.18586],
			"rotation": {"angle": 0, "axis": "y", "origin": [6.00463, 0.25164, 6.93586]},
			"faces": {
				"north": {"uv": [0, 0, 0.75, 0.25], "texture": "#0"},
				"east": {"uv": [0, 0, 0.5, 0.25], "texture": "#0"},
				"south": {"uv": [0, 0, 0.75, 0.25], "texture": "#0"},
				"west": {"uv": [0, 0, 0.5, 0.25], "texture": "#0"},
				"up": {"uv": [1.5, 1, 2.25, 1.5], "texture": "#0", "rotation": 180},
				"down": {"uv": [1.5, 1, 2.25, 1.5], "texture": "#0", "rotation": 180}
			}
		},
		{
			"from": [4.62963, 0.12664, 6.68586],
			"to": [5.37963, 0.37664, 7.18586],
			"rotation": {"angle": 0, "axis": "y", "origin": [5.00463, 0.25164, 6.93586]},
			"faces": {
				"north": {"uv": [0, 0, 0.75, 0.25], "texture": "#0"},
				"east": {"uv": [0, 0, 0.5, 0.25], "texture": "#0"},
				"south": {"uv": [0, 0, 0.75, 0.25], "texture": "#0"},
				"west": {"uv": [0, 0, 0.5, 0.25], "texture": "#0"},
				"up": {"uv": [1.5, 1, 2.25, 1.5], "texture": "#0", "rotation": 180},
				"down": {"uv": [1.5, 1, 2.25, 1.5], "texture": "#0", "rotation": 180}
			}
		},
		{
			"from": [3.62963, 0.12664, 6.68586],
			"to": [4.37963, 0.37664, 7.18586],
			"rotation": {"angle": 0, "axis": "y", "origin": [4.00463, 0.25164, 6.93586]},
			"faces": {
				"north": {"uv": [0, 0, 0.75, 0.25], "texture": "#0"},
				"east": {"uv": [0, 0, 0.5, 0.25], "texture": "#0"},
				"south": {"uv": [0, 0, 0.75, 0.25], "texture": "#0"},
				"west": {"uv": [0, 0, 0.5, 0.25], "texture": "#0"},
				"up": {"uv": [1.5, 1, 2.25, 1.5], "texture": "#0", "rotation": 180},
				"down": {"uv": [1.5, 1, 2.25, 1.5], "texture": "#0", "rotation": 180}
			}
		},
		{
			"from": [2.62963, 0.12664, 6.68586],
			"to": [3.37963, 0.37664, 7.18586],
			"rotation": {"angle": 0, "axis": "y", "origin": [3.00463, 0.25164, 6.93586]},
			"faces": {
				"north": {"uv": [0, 0, 0.75, 0.25], "texture": "#0"},
				"east": {"uv": [0, 0, 0.5, 0.25], "texture": "#0"},
				"south": {"uv": [0, 0, 0.75, 0.25], "texture": "#0"},
				"west": {"uv": [0, 0, 0.5, 0.25], "texture": "#0"},
				"up": {"uv": [1.5, 1, 2.25, 1.5], "texture": "#0", "rotation": 180},
				"down": {"uv": [1.5, 1, 2.25, 1.5], "texture": "#0", "rotation": 180}
			}
		},
		{
			"from": [1.37963, 0.12664, 6.68586],
			"to": [2.12963, 0.37664, 7.18586],
			"rotation": {"angle": 0, "axis": "y", "origin": [1.75463, 0.25164, 6.93586]},
			"faces": {
				"north": {"uv": [0, 0, 0.75, 0.25], "texture": "#0"},
				"east": {"uv": [0, 0, 0.5, 0.25], "texture": "#0"},
				"south": {"uv": [0, 0, 0.75, 0.25], "texture": "#0"},
				"west": {"uv": [0, 0, 0.5, 0.25], "texture": "#0"},
				"up": {"uv": [1.5, 1, 2.25, 1.5], "texture": "#0", "rotation": 180},
				"down": {"uv": [1.5, 1, 2.25, 1.5], "texture": "#0", "rotation": 180}
			}
		},
		{
			"from": [0.37963, 0.12664, 6.68586],
			"to": [1.12963, 0.37664, 7.18586],
			"rotation": {"angle": 0, "axis": "y", "origin": [0.75463, 0.25164, 6.93586]},
			"faces": {
				"north": {"uv": [0, 0, 0.75, 0.25], "texture": "#0"},
				"east": {"uv": [0, 0, 0.5, 0.25], "texture": "#0"},
				"south": {"uv": [0, 0, 0.75, 0.25], "texture": "#0"},
				"west": {"uv": [0, 0, 0.5, 0.25], "texture": "#0"},
				"up": {"uv": [1.5, 1, 2.25, 1.5], "texture": "#0", "rotation": 180},
				"down": {"uv": [1.5, 1, 2.25, 1.5], "texture": "#0", "rotation": 180}
			}
		},
		{
			"from": [-0.62037, 0.12664, 6.68586],
			"to": [0.12963, 0.37664, 7.18586],
			"rotation": {"angle": 0, "axis": "y", "origin": [-0.24537, 0.25164, 6.93586]},
			"faces": {
				"north": {"uv": [0, 0, 0.75, 0.25], "texture": "#0"},
				"east": {"uv": [0, 0, 0.5, 0.25], "texture": "#0"},
				"south": {"uv": [0, 0, 0.75, 0.25], "texture": "#0"},
				"west": {"uv": [0, 0, 0.5, 0.25], "texture": "#0"},
				"up": {"uv": [1.5, 1, 2.25, 1.5], "texture": "#0", "rotation": 180},
				"down": {"uv": [1.5, 1, 2.25, 1.5], "texture": "#0", "rotation": 180}
			}
		},
		{
			"from": [-1.62037, 0.12664, 6.68586],
			"to": [-0.87037, 0.37664, 7.18586],
			"rotation": {"angle": 0, "axis": "y", "origin": [-1.24537, 0.25164, 6.93586]},
			"faces": {
				"north": {"uv": [0, 0, 0.75, 0.25], "texture": "#0"},
				"east": {"uv": [0, 0, 0.5, 0.25], "texture": "#0"},
				"south": {"uv": [0, 0, 0.75, 0.25], "texture": "#0"},
				"west": {"uv": [0, 0, 0.5, 0.25], "texture": "#0"},
				"up": {"uv": [1.5, 1, 2.25, 1.5], "texture": "#0", "rotation": 180},
				"down": {"uv": [1.5, 1, 2.25, 1.5], "texture": "#0", "rotation": 180}
			}
		},
		{
			"from": [9.12963, 0.12664, 7.93586],
			"to": [9.87963, 0.37664, 8.68586],
			"rotation": {"angle": 0, "axis": "y", "origin": [9.50463, 0.25164, 8.31086]},
			"faces": {
				"north": {"uv": [0, 0, 0.75, 0.25], "texture": "#3"},
				"east": {"uv": [0, 0, 0.75, 0.25], "texture": "#3"},
				"south": {"uv": [0, 0, 0.75, 0.25], "texture": "#3"},
				"west": {"uv": [0, 0, 0.75, 0.25], "texture": "#3"},
				"up": {"uv": [1.5, 1.5, 2.25, 2.25], "texture": "#3", "rotation": 180},
				"down": {"uv": [1.5, 1.5, 2.25, 2.25], "texture": "#3", "rotation": 180}
			}
		},
		{
			"from": [12.12963, 0.12664, 8.93586],
			"to": [12.87963, 0.37664, 9.68586],
			"rotation": {"angle": 0, "axis": "y", "origin": [12.50463, 0.25164, 9.31086]},
			"faces": {
				"north": {"uv": [0, 0, 0.75, 0.25], "texture": "#3"},
				"east": {"uv": [0, 0, 0.75, 0.25], "texture": "#3"},
				"south": {"uv": [0, 0, 0.75, 0.25], "texture": "#3"},
				"west": {"uv": [0, 0, 0.75, 0.25], "texture": "#3"},
				"up": {"uv": [1.5, 1.5, 2.25, 2.25], "texture": "#3", "rotation": 180},
				"down": {"uv": [1.5, 1.5, 2.25, 2.25], "texture": "#3", "rotation": 180}
			}
		},
		{
			"from": [14.12963, 0.12664, 11.93586],
			"to": [14.87963, 0.37664, 12.68586],
			"rotation": {"angle": 0, "axis": "y", "origin": [14.50463, 0.25164, 12.31086]},
			"faces": {
				"north": {"uv": [0, 0, 0.75, 0.25], "texture": "#2"},
				"east": {"uv": [0, 0, 0.75, 0.25], "texture": "#2"},
				"south": {"uv": [0, 0, 0.75, 0.25], "texture": "#2"},
				"west": {"uv": [0, 0, 0.75, 0.25], "texture": "#2"},
				"up": {"uv": [1.5, 1.5, 2.25, 2.25], "texture": "#2", "rotation": 180},
				"down": {"uv": [1.5, 1.5, 2.25, 2.25], "texture": "#2", "rotation": 180}
			}
		},
		{
			"from": [12.12963, 0.12664, 11.93586],
			"to": [12.87963, 0.37664, 12.68586],
			"rotation": {"angle": 0, "axis": "y", "origin": [12.50463, 0.25164, 12.31086]},
			"faces": {
				"north": {"uv": [0, 0, 0.75, 0.25], "texture": "#2"},
				"east": {"uv": [0, 0, 0.75, 0.25], "texture": "#2"},
				"south": {"uv": [0, 0, 0.75, 0.25], "texture": "#2"},
				"west": {"uv": [0, 0, 0.75, 0.25], "texture": "#2"},
				"up": {"uv": [1.5, 1.5, 2.25, 2.25], "texture": "#2", "rotation": 180},
				"down": {"uv": [1.5, 1.5, 2.25, 2.25], "texture": "#2", "rotation": 180}
			}
		},
		{
			"from": [13.12963, 0.12664, 11.93586],
			"to": [13.87963, 0.37664, 12.68586],
			"rotation": {"angle": 0, "axis": "y", "origin": [13.50463, 0.25164, 12.31086]},
			"faces": {
				"north": {"uv": [0, 0, 0.75, 0.25], "texture": "#2"},
				"east": {"uv": [0, 0, 0.75, 0.25], "texture": "#2"},
				"south": {"uv": [0, 0, 0.75, 0.25], "texture": "#2"},
				"west": {"uv": [0, 0, 0.75, 0.25], "texture": "#2"},
				"up": {"uv": [1.5, 1.5, 2.25, 2.25], "texture": "#2", "rotation": 180},
				"down": {"uv": [1.5, 1.5, 2.25, 2.25], "texture": "#2", "rotation": 180}
			}
		},
		{
			"from": [13.12963, 0.12664, 10.93586],
			"to": [13.87963, 0.37664, 11.68586],
			"rotation": {"angle": 0, "axis": "y", "origin": [13.50463, 0.25164, 11.31086]},
			"faces": {
				"north": {"uv": [0, 0, 0.75, 0.25], "texture": "#2"},
				"east": {"uv": [0, 0, 0.75, 0.25], "texture": "#2"},
				"south": {"uv": [0, 0, 0.75, 0.25], "texture": "#2"},
				"west": {"uv": [0, 0, 0.75, 0.25], "texture": "#2"},
				"up": {"uv": [1.5, 1.5, 2.25, 2.25], "texture": "#2", "rotation": 180},
				"down": {"uv": [1.5, 1.5, 2.25, 2.25], "texture": "#2", "rotation": 180}
			}
		},
		{
			"from": [13.12963, 0.12664, 8.93586],
			"to": [13.87963, 0.37664, 9.68586],
			"rotation": {"angle": 0, "axis": "y", "origin": [13.50463, 0.25164, 9.31086]},
			"faces": {
				"north": {"uv": [0, 0, 0.75, 0.25], "texture": "#3"},
				"east": {"uv": [0, 0, 0.75, 0.25], "texture": "#3"},
				"south": {"uv": [0, 0, 0.75, 0.25], "texture": "#3"},
				"west": {"uv": [0, 0, 0.75, 0.25], "texture": "#3"},
				"up": {"uv": [1.5, 1.5, 2.25, 2.25], "texture": "#3", "rotation": 180},
				"down": {"uv": [1.5, 1.5, 2.25, 2.25], "texture": "#3", "rotation": 180}
			}
		},
		{
			"from": [15.37963, 0.12664, 11.93586],
			"to": [17.12963, 0.37664, 12.68586],
			"rotation": {"angle": 0, "axis": "y", "origin": [16.25463, 0.25164, 12.31086]},
			"faces": {
				"north": {"uv": [0, 0, 1.75, 0.25], "texture": "#3"},
				"east": {"uv": [0, 0, 0.75, 0.25], "texture": "#3"},
				"south": {"uv": [0, 0, 1.75, 0.25], "texture": "#3"},
				"west": {"uv": [0, 0, 0.75, 0.25], "texture": "#3"},
				"up": {"uv": [3.5, 1.5, 5.25, 2.25], "texture": "#3", "rotation": 180},
				"down": {"uv": [3.5, 1.5, 5.25, 2.25], "texture": "#3", "rotation": 180}
			}
		},
		{
			"from": [15.37963, 0.12664, 10.93586],
			"to": [16.12963, 0.37664, 11.68586],
			"rotation": {"angle": 0, "axis": "y", "origin": [15.75463, 0.25164, 11.31086]},
			"faces": {
				"north": {"uv": [0, 0, 0.75, 0.25], "texture": "#3"},
				"east": {"uv": [0, 0, 0.75, 0.25], "texture": "#3"},
				"south": {"uv": [0, 0, 0.75, 0.25], "texture": "#3"},
				"west": {"uv": [0, 0, 0.75, 0.25], "texture": "#3"},
				"up": {"uv": [1.5, 1.5, 2.25, 2.25], "texture": "#3", "rotation": 180},
				"down": {"uv": [1.5, 1.5, 2.25, 2.25], "texture": "#3", "rotation": 180}
			}
		},
		{
			"from": [16.37963, 0.12664, 10.93586],
			"to": [17.12963, 0.37664, 11.68586],
			"rotation": {"angle": 0, "axis": "y", "origin": [16.75463, 0.25164, 11.31086]},
			"faces": {
				"north": {"uv": [0, 0, 0.75, 0.25], "texture": "#3"},
				"east": {"uv": [0, 0, 0.75, 0.25], "texture": "#3"},
				"south": {"uv": [0, 0, 0.75, 0.25], "texture": "#3"},
				"west": {"uv": [0, 0, 0.75, 0.25], "texture": "#3"},
				"up": {"uv": [1.5, 1.5, 2.25, 2.25], "texture": "#3", "rotation": 180},
				"down": {"uv": [1.5, 1.5, 2.25, 2.25], "texture": "#3", "rotation": 180}
			}
		},
		{
			"from": [18.37963, 0.12664, 8.93586],
			"to": [19.12963, 0.37664, 10.68586],
			"rotation": {"angle": 0, "axis": "y", "origin": [18.75463, 0.25164, 9.81086]},
			"faces": {
				"north": {"uv": [0, 0, 0.75, 0.25], "texture": "#3"},
				"east": {"uv": [0, 0, 1.75, 0.25], "texture": "#3"},
				"south": {"uv": [0, 0, 0.75, 0.25], "texture": "#3"},
				"west": {"uv": [0, 0, 1.75, 0.25], "texture": "#3"},
				"up": {"uv": [1.5, 3.5, 2.25, 5.25], "texture": "#3", "rotation": 180},
				"down": {"uv": [1.5, 3.5, 2.25, 5.25], "texture": "#3", "rotation": 180}
			}
		},
		{
			"from": [18.37963, 0.12664, 10.93586],
			"to": [19.12963, 0.37664, 12.68586],
			"rotation": {"angle": 0, "axis": "y", "origin": [18.75463, 0.25164, 11.81086]},
			"faces": {
				"north": {"uv": [0, 0, 0.75, 0.25], "texture": "#3"},
				"east": {"uv": [0, 0, 1.75, 0.25], "texture": "#3"},
				"south": {"uv": [0, 0, 0.75, 0.25], "texture": "#3"},
				"west": {"uv": [0, 0, 1.75, 0.25], "texture": "#3"},
				"up": {"uv": [1.5, 3.5, 2.25, 5.25], "texture": "#3", "rotation": 180},
				"down": {"uv": [1.5, 3.5, 2.25, 5.25], "texture": "#3", "rotation": 180}
			}
		},
		{
			"from": [17.37963, 0.12664, 11.93586],
			"to": [18.12963, 0.37664, 12.68586],
			"rotation": {"angle": 0, "axis": "y", "origin": [17.75463, 0.25164, 12.31086]},
			"faces": {
				"north": {"uv": [0, 0, 0.75, 0.25], "texture": "#3"},
				"east": {"uv": [0, 0, 0.75, 0.25], "texture": "#3"},
				"south": {"uv": [0, 0, 0.75, 0.25], "texture": "#3"},
				"west": {"uv": [0, 0, 0.75, 0.25], "texture": "#3"},
				"up": {"uv": [1.5, 1.5, 2.25, 2.25], "texture": "#3", "rotation": 180},
				"down": {"uv": [1.5, 1.5, 2.25, 2.25], "texture": "#3", "rotation": 180}
			}
		},
		{
			"from": [17.37963, 0.12664, 10.93586],
			"to": [18.12963, 0.37664, 11.68586],
			"rotation": {"angle": 0, "axis": "y", "origin": [17.75463, 0.25164, 11.31086]},
			"faces": {
				"north": {"uv": [0, 0, 0.75, 0.25], "texture": "#3"},
				"east": {"uv": [0, 0, 0.75, 0.25], "texture": "#3"},
				"south": {"uv": [0, 0, 0.75, 0.25], "texture": "#3"},
				"west": {"uv": [0, 0, 0.75, 0.25], "texture": "#3"},
				"up": {"uv": [1.5, 1.5, 2.25, 2.25], "texture": "#3", "rotation": 180},
				"down": {"uv": [1.5, 1.5, 2.25, 2.25], "texture": "#3", "rotation": 180}
			}
		},
		{
			"from": [17.37963, 0.12664, 9.93586],
			"to": [18.12963, 0.37664, 10.68586],
			"rotation": {"angle": 0, "axis": "y", "origin": [17.75463, 0.25164, 10.31086]},
			"faces": {
				"north": {"uv": [0, 0, 0.75, 0.25], "texture": "#3"},
				"east": {"uv": [0, 0, 0.75, 0.25], "texture": "#3"},
				"south": {"uv": [0, 0, 0.75, 0.25], "texture": "#3"},
				"west": {"uv": [0, 0, 0.75, 0.25], "texture": "#3"},
				"up": {"uv": [1.5, 1.5, 2.25, 2.25], "texture": "#3", "rotation": 180},
				"down": {"uv": [1.5, 1.5, 2.25, 2.25], "texture": "#3", "rotation": 180}
			}
		},
		{
			"from": [15.37963, 0.12664, 9.93586],
			"to": [16.12963, 0.37664, 10.68586],
			"rotation": {"angle": 0, "axis": "y", "origin": [15.75463, 0.25164, 10.31086]},
			"faces": {
				"north": {"uv": [0, 0, 0.75, 0.25], "texture": "#3"},
				"east": {"uv": [0, 0, 0.75, 0.25], "texture": "#3"},
				"south": {"uv": [0, 0, 0.75, 0.25], "texture": "#3"},
				"west": {"uv": [0, 0, 0.75, 0.25], "texture": "#3"},
				"up": {"uv": [1.5, 1.5, 2.25, 2.25], "texture": "#3", "rotation": 180},
				"down": {"uv": [1.5, 1.5, 2.25, 2.25], "texture": "#3", "rotation": 180}
			}
		},
		{
			"from": [16.37963, 0.12664, 9.93586],
			"to": [17.12963, 0.37664, 10.68586],
			"rotation": {"angle": 0, "axis": "y", "origin": [16.75463, 0.25164, 10.31086]},
			"faces": {
				"north": {"uv": [0, 0, 0.75, 0.25], "texture": "#3"},
				"east": {"uv": [0, 0, 0.75, 0.25], "texture": "#3"},
				"south": {"uv": [0, 0, 0.75, 0.25], "texture": "#3"},
				"west": {"uv": [0, 0, 0.75, 0.25], "texture": "#3"},
				"up": {"uv": [1.5, 1.5, 2.25, 2.25], "texture": "#3", "rotation": 180},
				"down": {"uv": [1.5, 1.5, 2.25, 2.25], "texture": "#3", "rotation": 180}
			}
		},
		{
			"from": [16.37963, 0.12664, 8.93586],
			"to": [17.12963, 0.37664, 9.68586],
			"rotation": {"angle": 0, "axis": "y", "origin": [16.75463, 0.25164, 9.31086]},
			"faces": {
				"north": {"uv": [0, 0, 0.75, 0.25], "texture": "#3"},
				"east": {"uv": [0, 0, 0.75, 0.25], "texture": "#3"},
				"south": {"uv": [0, 0, 0.75, 0.25], "texture": "#3"},
				"west": {"uv": [0, 0, 0.75, 0.25], "texture": "#3"},
				"up": {"uv": [1.5, 1.5, 2.25, 2.25], "texture": "#3", "rotation": 180},
				"down": {"uv": [1.5, 1.5, 2.25, 2.25], "texture": "#3", "rotation": 180}
			}
		},
		{
			"from": [17.37963, 0.12664, 8.93586],
			"to": [18.12963, 0.37664, 9.68586],
			"rotation": {"angle": 0, "axis": "y", "origin": [17.75463, 0.25164, 9.31086]},
			"faces": {
				"north": {"uv": [0, 0, 0.75, 0.25], "texture": "#3"},
				"east": {"uv": [0, 0, 0.75, 0.25], "texture": "#3"},
				"south": {"uv": [0, 0, 0.75, 0.25], "texture": "#3"},
				"west": {"uv": [0, 0, 0.75, 0.25], "texture": "#3"},
				"up": {"uv": [1.5, 1.5, 2.25, 2.25], "texture": "#3", "rotation": 180},
				"down": {"uv": [1.5, 1.5, 2.25, 2.25], "texture": "#3", "rotation": 180}
			}
		},
		{
			"from": [18.37963, 0.12664, 7.93586],
			"to": [19.12963, 0.37664, 8.68586],
			"rotation": {"angle": 0, "axis": "y", "origin": [18.75463, 0.25164, 8.31086]},
			"faces": {
				"north": {"uv": [0, 0, 0.75, 0.25], "texture": "#3"},
				"east": {"uv": [0, 0, 0.75, 0.25], "texture": "#3"},
				"south": {"uv": [0, 0, 0.75, 0.25], "texture": "#3"},
				"west": {"uv": [0, 0, 0.75, 0.25], "texture": "#3"},
				"up": {"uv": [1.5, 1.5, 2.25, 2.25], "texture": "#3", "rotation": 180},
				"down": {"uv": [1.5, 1.5, 2.25, 2.25], "texture": "#3", "rotation": 180}
			}
		},
		{
			"from": [17.37963, 0.12664, 7.93586],
			"to": [18.12963, 0.37664, 8.68586],
			"rotation": {"angle": 0, "axis": "y", "origin": [17.75463, 0.25164, 8.31086]},
			"faces": {
				"north": {"uv": [0, 0, 0.75, 0.25], "texture": "#3"},
				"east": {"uv": [0, 0, 0.75, 0.25], "texture": "#3"},
				"south": {"uv": [0, 0, 0.75, 0.25], "texture": "#3"},
				"west": {"uv": [0, 0, 0.75, 0.25], "texture": "#3"},
				"up": {"uv": [1.5, 1.5, 2.25, 2.25], "texture": "#3", "rotation": 180},
				"down": {"uv": [1.5, 1.5, 2.25, 2.25], "texture": "#3", "rotation": 180}
			}
		},
		{
			"from": [13.12963, 0.12664, 6.68586],
			"to": [13.87963, 0.37664, 7.18586],
			"rotation": {"angle": 0, "axis": "y", "origin": [13.50463, 0.25164, 6.93586]},
			"faces": {
				"north": {"uv": [0, 0, 0.75, 0.25], "texture": "#3"},
				"east": {"uv": [0, 0, 0.5, 0.25], "texture": "#3"},
				"south": {"uv": [0, 0, 0.75, 0.25], "texture": "#3"},
				"west": {"uv": [0, 0, 0.5, 0.25], "texture": "#3"},
				"up": {"uv": [1.5, 1, 2.25, 1.5], "texture": "#3", "rotation": 180},
				"down": {"uv": [1.5, 1, 2.25, 1.5], "texture": "#3", "rotation": 180}
			}
		},
		{
			"from": [14.12963, 0.12664, 6.68586],
			"to": [14.87963, 0.37664, 7.18586],
			"rotation": {"angle": 0, "axis": "y", "origin": [14.50463, 0.25164, 6.93586]},
			"faces": {
				"north": {"uv": [0, 0, 0.75, 0.25], "texture": "#3"},
				"east": {"uv": [0, 0, 0.5, 0.25], "texture": "#3"},
				"south": {"uv": [0, 0, 0.75, 0.25], "texture": "#3"},
				"west": {"uv": [0, 0, 0.5, 0.25], "texture": "#3"},
				"up": {"uv": [1.5, 1, 2.25, 1.5], "texture": "#3", "rotation": 180},
				"down": {"uv": [1.5, 1, 2.25, 1.5], "texture": "#3", "rotation": 180}
			}
		},
		{
			"from": [12.12963, 0.12664, 6.68586],
			"to": [12.87963, 0.37664, 7.18586],
			"rotation": {"angle": 0, "axis": "y", "origin": [12.50463, 0.25164, 6.93586]},
			"faces": {
				"north": {"uv": [0, 0, 0.75, 0.25], "texture": "#3"},
				"east": {"uv": [0, 0, 0.5, 0.25], "texture": "#3"},
				"south": {"uv": [0, 0, 0.75, 0.25], "texture": "#3"},
				"west": {"uv": [0, 0, 0.5, 0.25], "texture": "#3"},
				"up": {"uv": [1.5, 1, 2.25, 1.5], "texture": "#3", "rotation": 180},
				"down": {"uv": [1.5, 1, 2.25, 1.5], "texture": "#3", "rotation": 180}
			}
		},
		{
			"from": [16.37963, 0.12664, 7.93586],
			"to": [17.12963, 0.37664, 8.68586],
			"rotation": {"angle": 0, "axis": "y", "origin": [16.75463, 0.25164, 8.31086]},
			"faces": {
				"north": {"uv": [0, 0, 0.75, 0.25], "texture": "#3"},
				"east": {"uv": [0, 0, 0.75, 0.25], "texture": "#3"},
				"south": {"uv": [0, 0, 0.75, 0.25], "texture": "#3"},
				"west": {"uv": [0, 0, 0.75, 0.25], "texture": "#3"},
				"up": {"uv": [1.5, 1.5, 2.25, 2.25], "texture": "#3", "rotation": 180},
				"down": {"uv": [1.5, 1.5, 2.25, 2.25], "texture": "#3", "rotation": 180}
			}
		},
		{
			"from": [15.37963, 0.12664, 7.93586],
			"to": [16.12963, 0.37664, 8.68586],
			"rotation": {"angle": 0, "axis": "y", "origin": [15.75463, 0.25164, 8.31086]},
			"faces": {
				"north": {"uv": [0, 0, 0.75, 0.25], "texture": "#3"},
				"east": {"uv": [0, 0, 0.75, 0.25], "texture": "#3"},
				"south": {"uv": [0, 0, 0.75, 0.25], "texture": "#3"},
				"west": {"uv": [0, 0, 0.75, 0.25], "texture": "#3"},
				"up": {"uv": [1.5, 1.5, 2.25, 2.25], "texture": "#3", "rotation": 180},
				"down": {"uv": [1.5, 1.5, 2.25, 2.25], "texture": "#3", "rotation": 180}
			}
		},
		{
			"from": [15.37963, 0.12664, 8.93586],
			"to": [16.12963, 0.37664, 9.68586],
			"rotation": {"angle": 0, "axis": "y", "origin": [15.75463, 0.25164, 9.31086]},
			"faces": {
				"north": {"uv": [0, 0, 0.75, 0.25], "texture": "#3"},
				"east": {"uv": [0, 0, 0.75, 0.25], "texture": "#3"},
				"south": {"uv": [0, 0, 0.75, 0.25], "texture": "#3"},
				"west": {"uv": [0, 0, 0.75, 0.25], "texture": "#3"},
				"up": {"uv": [1.5, 1.5, 2.25, 2.25], "texture": "#3", "rotation": 180},
				"down": {"uv": [1.5, 1.5, 2.25, 2.25], "texture": "#3", "rotation": 180}
			}
		},
		{
			"from": [14.12963, 0.12664, 8.93586],
			"to": [14.87963, 0.37664, 9.68586],
			"rotation": {"angle": 0, "axis": "y", "origin": [14.50463, 0.25164, 9.31086]},
			"faces": {
				"north": {"uv": [0, 0, 0.75, 0.25], "texture": "#3"},
				"east": {"uv": [0, 0, 0.75, 0.25], "texture": "#3"},
				"south": {"uv": [0, 0, 0.75, 0.25], "texture": "#3"},
				"west": {"uv": [0, 0, 0.75, 0.25], "texture": "#3"},
				"up": {"uv": [1.5, 1.5, 2.25, 2.25], "texture": "#3", "rotation": 180},
				"down": {"uv": [1.5, 1.5, 2.25, 2.25], "texture": "#3", "rotation": 180}
			}
		},
		{
			"from": [14.12963, 0.12664, 7.93586],
			"to": [14.87963, 0.37664, 8.68586],
			"rotation": {"angle": 0, "axis": "y", "origin": [14.50463, 0.25164, 8.31086]},
			"faces": {
				"north": {"uv": [0, 0, 0.75, 0.25], "texture": "#3"},
				"east": {"uv": [0, 0, 0.75, 0.25], "texture": "#3"},
				"south": {"uv": [0, 0, 0.75, 0.25], "texture": "#3"},
				"west": {"uv": [0, 0, 0.75, 0.25], "texture": "#3"},
				"up": {"uv": [1.5, 1.5, 2.25, 2.25], "texture": "#3", "rotation": 180},
				"down": {"uv": [1.5, 1.5, 2.25, 2.25], "texture": "#3", "rotation": 180}
			}
		},
		{
			"from": [13.12963, 0.12664, 7.93586],
			"to": [13.87963, 0.37664, 8.68586],
			"rotation": {"angle": 0, "axis": "y", "origin": [13.50463, 0.25164, 8.31086]},
			"faces": {
				"north": {"uv": [0, 0, 0.75, 0.25], "texture": "#3"},
				"east": {"uv": [0, 0, 0.75, 0.25], "texture": "#3"},
				"south": {"uv": [0, 0, 0.75, 0.25], "texture": "#3"},
				"west": {"uv": [0, 0, 0.75, 0.25], "texture": "#3"},
				"up": {"uv": [1.5, 1.5, 2.25, 2.25], "texture": "#3", "rotation": 180},
				"down": {"uv": [1.5, 1.5, 2.25, 2.25], "texture": "#3", "rotation": 180}
			}
		},
		{
			"from": [12.12963, 0.12664, 7.93586],
			"to": [12.87963, 0.37664, 8.68586],
			"rotation": {"angle": 0, "axis": "y", "origin": [12.50463, 0.25164, 8.31086]},
			"faces": {
				"north": {"uv": [0, 0, 0.75, 0.25], "texture": "#3"},
				"east": {"uv": [0, 0, 0.75, 0.25], "texture": "#3"},
				"south": {"uv": [0, 0, 0.75, 0.25], "texture": "#3"},
				"west": {"uv": [0, 0, 0.75, 0.25], "texture": "#3"},
				"up": {"uv": [1.5, 1.5, 2.25, 2.25], "texture": "#3", "rotation": 180},
				"down": {"uv": [1.5, 1.5, 2.25, 2.25], "texture": "#3", "rotation": 180}
			}
		},
		{
			"from": [9.37963, 0.12664, 8.93586],
			"to": [10.12963, 0.37664, 9.68586],
			"rotation": {"angle": 0, "axis": "y", "origin": [9.75463, 0.25164, 9.31086]},
			"faces": {
				"north": {"uv": [0, 0, 0.75, 0.25], "texture": "#3"},
				"east": {"uv": [0, 0, 0.75, 0.25], "texture": "#3"},
				"south": {"uv": [0, 0, 0.75, 0.25], "texture": "#3"},
				"west": {"uv": [0, 0, 0.75, 0.25], "texture": "#3"},
				"up": {"uv": [1.5, 1.5, 2.25, 2.25], "texture": "#3", "rotation": 180},
				"down": {"uv": [1.5, 1.5, 2.25, 2.25], "texture": "#3", "rotation": 180}
			}
		},
		{
			"from": [8.37963, 0.12664, 8.93586],
			"to": [9.12963, 0.37664, 9.68586],
			"rotation": {"angle": 0, "axis": "y", "origin": [8.75463, 0.25164, 9.31086]},
			"faces": {
				"north": {"uv": [0, 0, 0.75, 0.25], "texture": "#3"},
				"east": {"uv": [0, 0, 0.75, 0.25], "texture": "#3"},
				"south": {"uv": [0, 0, 0.75, 0.25], "texture": "#3"},
				"west": {"uv": [0, 0, 0.75, 0.25], "texture": "#3"},
				"up": {"uv": [1.5, 1.5, 2.25, 2.25], "texture": "#3", "rotation": 180},
				"down": {"uv": [1.5, 1.5, 2.25, 2.25], "texture": "#3", "rotation": 180}
			}
		},
		{
			"from": [8.12963, 0.12664, 7.93586],
			"to": [8.87963, 0.37664, 8.68586],
			"rotation": {"angle": 0, "axis": "y", "origin": [8.50463, 0.25164, 8.31086]},
			"faces": {
				"north": {"uv": [0, 0, 0.75, 0.25], "texture": "#3"},
				"east": {"uv": [0, 0, 0.75, 0.25], "texture": "#3"},
				"south": {"uv": [0, 0, 0.75, 0.25], "texture": "#3"},
				"west": {"uv": [0, 0, 0.75, 0.25], "texture": "#3"},
				"up": {"uv": [1.5, 1.5, 2.25, 2.25], "texture": "#3", "rotation": 180},
				"down": {"uv": [1.5, 1.5, 2.25, 2.25], "texture": "#3", "rotation": 180}
			}
		},
		{
			"from": [8.62963, 0.12664, 9.93586],
			"to": [9.37963, 0.37664, 10.68586],
			"rotation": {"angle": 0, "axis": "y", "origin": [9.00463, 0.25164, 10.31086]},
			"faces": {
				"north": {"uv": [0, 0, 0.75, 0.25], "texture": "#3"},
				"east": {"uv": [0, 0, 0.75, 0.25], "texture": "#3"},
				"south": {"uv": [0, 0, 0.75, 0.25], "texture": "#3"},
				"west": {"uv": [0, 0, 0.75, 0.25], "texture": "#3"},
				"up": {"uv": [1.5, 1.5, 2.25, 2.25], "texture": "#3", "rotation": 180},
				"down": {"uv": [1.5, 1.5, 2.25, 2.25], "texture": "#3", "rotation": 180}
			}
		},
		{
			"from": [8.37963, 0.12664, 10.93586],
			"to": [9.12963, 0.37664, 11.68586],
			"rotation": {"angle": 0, "axis": "y", "origin": [8.75463, 0.25164, 11.31086]},
			"faces": {
				"north": {"uv": [0, 0, 0.75, 0.25], "texture": "#3"},
				"east": {"uv": [0, 0, 0.75, 0.25], "texture": "#3"},
				"south": {"uv": [0, 0, 0.75, 0.25], "texture": "#3"},
				"west": {"uv": [0, 0, 0.75, 0.25], "texture": "#3"},
				"up": {"uv": [1.5, 1.5, 2.25, 2.25], "texture": "#3", "rotation": 180},
				"down": {"uv": [1.5, 1.5, 2.25, 2.25], "texture": "#3", "rotation": 180}
			}
		},
		{
			"from": [7.37963, 0.12664, 10.93586],
			"to": [8.12963, 0.37664, 11.68586],
			"rotation": {"angle": 0, "axis": "y", "origin": [7.75463, 0.25164, 11.31086]},
			"faces": {
				"north": {"uv": [0, 0, 0.75, 0.25], "texture": "#3"},
				"east": {"uv": [0, 0, 0.75, 0.25], "texture": "#3"},
				"south": {"uv": [0, 0, 0.75, 0.25], "texture": "#3"},
				"west": {"uv": [0, 0, 0.75, 0.25], "texture": "#3"},
				"up": {"uv": [1.5, 1.5, 2.25, 2.25], "texture": "#3", "rotation": 180},
				"down": {"uv": [1.5, 1.5, 2.25, 2.25], "texture": "#3", "rotation": 180}
			}
		},
		{
			"from": [7.62963, 0.12664, 9.93586],
			"to": [8.37963, 0.37664, 10.68586],
			"rotation": {"angle": 0, "axis": "y", "origin": [8.00463, 0.25164, 10.31086]},
			"faces": {
				"north": {"uv": [0, 0, 0.75, 0.25], "texture": "#3"},
				"east": {"uv": [0, 0, 0.75, 0.25], "texture": "#3"},
				"south": {"uv": [0, 0, 0.75, 0.25], "texture": "#3"},
				"west": {"uv": [0, 0, 0.75, 0.25], "texture": "#3"},
				"up": {"uv": [1.5, 1.5, 2.25, 2.25], "texture": "#3", "rotation": 180},
				"down": {"uv": [1.5, 1.5, 2.25, 2.25], "texture": "#3", "rotation": 180}
			}
		},
		{
			"from": [7.37963, 0.12664, 8.93586],
			"to": [8.12963, 0.37664, 9.68586],
			"rotation": {"angle": 0, "axis": "y", "origin": [7.75463, 0.25164, 9.31086]},
			"faces": {
				"north": {"uv": [0, 0, 0.75, 0.25], "texture": "#3"},
				"east": {"uv": [0, 0, 0.75, 0.25], "texture": "#3"},
				"south": {"uv": [0, 0, 0.75, 0.25], "texture": "#3"},
				"west": {"uv": [0, 0, 0.75, 0.25], "texture": "#3"},
				"up": {"uv": [1.5, 1.5, 2.25, 2.25], "texture": "#3", "rotation": 180},
				"down": {"uv": [1.5, 1.5, 2.25, 2.25], "texture": "#3", "rotation": 180}
			}
		},
		{
			"from": [7.12963, 0.12664, 7.93586],
			"to": [7.87963, 0.37664, 8.68586],
			"rotation": {"angle": 0, "axis": "y", "origin": [7.50463, 0.25164, 8.31086]},
			"faces": {
				"north": {"uv": [0, 0, 0.75, 0.25], "texture": "#6"},
				"east": {"uv": [0, 0, 0.75, 0.25], "texture": "#6"},
				"south": {"uv": [0, 0, 0.75, 0.25], "texture": "#6"},
				"west": {"uv": [0, 0, 0.75, 0.25], "texture": "#6"},
				"up": {"uv": [1.5, 1.5, 2.25, 2.25], "texture": "#6", "rotation": 180},
				"down": {"uv": [1.5, 1.5, 2.25, 2.25], "texture": "#6", "rotation": 180}
			}
		},
		{
			"from": [6.12963, 0.12664, 7.93586],
			"to": [6.87963, 0.37664, 8.68586],
			"rotation": {"angle": 0, "axis": "y", "origin": [6.50463, 0.25164, 8.31086]},
			"faces": {
				"north": {"uv": [0, 0, 0.75, 0.25], "texture": "#6"},
				"east": {"uv": [0, 0, 0.75, 0.25], "texture": "#6"},
				"south": {"uv": [0, 0, 0.75, 0.25], "texture": "#6"},
				"west": {"uv": [0, 0, 0.75, 0.25], "texture": "#6"},
				"up": {"uv": [1.5, 1.5, 2.25, 2.25], "texture": "#6", "rotation": 180},
				"down": {"uv": [1.5, 1.5, 2.25, 2.25], "texture": "#6", "rotation": 180}
			}
		},
		{
			"from": [6.37963, 0.12664, 8.93586],
			"to": [7.12963, 0.37664, 9.68586],
			"rotation": {"angle": 0, "axis": "y", "origin": [6.75463, 0.25164, 9.31086]},
			"faces": {
				"north": {"uv": [0, 0, 0.75, 0.25], "texture": "#3"},
				"east": {"uv": [0, 0, 0.75, 0.25], "texture": "#3"},
				"south": {"uv": [0, 0, 0.75, 0.25], "texture": "#3"},
				"west": {"uv": [0, 0, 0.75, 0.25], "texture": "#3"},
				"up": {"uv": [1.5, 1.5, 2.25, 2.25], "texture": "#3", "rotation": 180},
				"down": {"uv": [1.5, 1.5, 2.25, 2.25], "texture": "#3", "rotation": 180}
			}
		},
		{
			"from": [6.62963, 0.12664, 9.93586],
			"to": [7.37963, 0.37664, 10.68586],
			"rotation": {"angle": 0, "axis": "y", "origin": [7.00463, 0.25164, 10.31086]},
			"faces": {
				"north": {"uv": [0, 0, 0.75, 0.25], "texture": "#3"},
				"east": {"uv": [0, 0, 0.75, 0.25], "texture": "#3"},
				"south": {"uv": [0, 0, 0.75, 0.25], "texture": "#3"},
				"west": {"uv": [0, 0, 0.75, 0.25], "texture": "#3"},
				"up": {"uv": [1.5, 1.5, 2.25, 2.25], "texture": "#3", "rotation": 180},
				"down": {"uv": [1.5, 1.5, 2.25, 2.25], "texture": "#3", "rotation": 180}
			}
		},
		{
			"from": [6.37963, 0.12664, 10.93586],
			"to": [7.12963, 0.37664, 11.68586],
			"rotation": {"angle": 0, "axis": "y", "origin": [6.75463, 0.25164, 11.31086]},
			"faces": {
				"north": {"uv": [0, 0, 0.75, 0.25], "texture": "#3"},
				"east": {"uv": [0, 0, 0.75, 0.25], "texture": "#3"},
				"south": {"uv": [0, 0, 0.75, 0.25], "texture": "#3"},
				"west": {"uv": [0, 0, 0.75, 0.25], "texture": "#3"},
				"up": {"uv": [1.5, 1.5, 2.25, 2.25], "texture": "#3", "rotation": 180},
				"down": {"uv": [1.5, 1.5, 2.25, 2.25], "texture": "#3", "rotation": 180}
			}
		},
		{
			"from": [5.37963, 0.12664, 10.93586],
			"to": [6.12963, 0.37664, 11.68586],
			"rotation": {"angle": 0, "axis": "y", "origin": [5.75463, 0.25164, 11.31086]},
			"faces": {
				"north": {"uv": [0, 0, 0.75, 0.25], "texture": "#3"},
				"east": {"uv": [0, 0, 0.75, 0.25], "texture": "#3"},
				"south": {"uv": [0, 0, 0.75, 0.25], "texture": "#3"},
				"west": {"uv": [0, 0, 0.75, 0.25], "texture": "#3"},
				"up": {"uv": [1.5, 1.5, 2.25, 2.25], "texture": "#3", "rotation": 180},
				"down": {"uv": [1.5, 1.5, 2.25, 2.25], "texture": "#3", "rotation": 180}
			}
		},
		{
			"from": [5.62963, 0.12664, 9.93586],
			"to": [6.37963, 0.37664, 10.68586],
			"rotation": {"angle": 0, "axis": "y", "origin": [6.00463, 0.25164, 10.31086]},
			"faces": {
				"north": {"uv": [0, 0, 0.75, 0.25], "texture": "#3"},
				"east": {"uv": [0, 0, 0.75, 0.25], "texture": "#3"},
				"south": {"uv": [0, 0, 0.75, 0.25], "texture": "#3"},
				"west": {"uv": [0, 0, 0.75, 0.25], "texture": "#3"},
				"up": {"uv": [1.5, 1.5, 2.25, 2.25], "texture": "#3", "rotation": 180},
				"down": {"uv": [1.5, 1.5, 2.25, 2.25], "texture": "#3", "rotation": 180}
			}
		},
		{
			"from": [5.37963, 0.12664, 8.93586],
			"to": [6.12963, 0.37664, 9.68586],
			"rotation": {"angle": 0, "axis": "y", "origin": [5.75463, 0.25164, 9.31086]},
			"faces": {
				"north": {"uv": [0, 0, 0.75, 0.25], "texture": "#3"},
				"east": {"uv": [0, 0, 0.75, 0.25], "texture": "#3"},
				"south": {"uv": [0, 0, 0.75, 0.25], "texture": "#3"},
				"west": {"uv": [0, 0, 0.75, 0.25], "texture": "#3"},
				"up": {"uv": [1.5, 1.5, 2.25, 2.25], "texture": "#3", "rotation": 180},
				"down": {"uv": [1.5, 1.5, 2.25, 2.25], "texture": "#3", "rotation": 180}
			}
		},
		{
			"from": [5.12963, 0.12664, 7.93586],
			"to": [5.87963, 0.37664, 8.68586],
			"rotation": {"angle": 0, "axis": "y", "origin": [5.50463, 0.25164, 8.31086]},
			"faces": {
				"north": {"uv": [0, 0, 0.75, 0.25], "texture": "#6"},
				"east": {"uv": [0, 0, 0.75, 0.25], "texture": "#6"},
				"south": {"uv": [0, 0, 0.75, 0.25], "texture": "#6"},
				"west": {"uv": [0, 0, 0.75, 0.25], "texture": "#6"},
				"up": {"uv": [1.5, 1.5, 2.25, 2.25], "texture": "#6", "rotation": 180},
				"down": {"uv": [1.5, 1.5, 2.25, 2.25], "texture": "#6", "rotation": 180}
			}
		},
		{
			"from": [4.12963, 0.12664, 7.93586],
			"to": [4.87963, 0.37664, 8.68586],
			"rotation": {"angle": 0, "axis": "y", "origin": [4.50463, 0.25164, 8.31086]},
			"faces": {
				"north": {"uv": [0, 0, 0.75, 0.25], "texture": "#6"},
				"east": {"uv": [0, 0, 0.75, 0.25], "texture": "#6"},
				"south": {"uv": [0, 0, 0.75, 0.25], "texture": "#6"},
				"west": {"uv": [0, 0, 0.75, 0.25], "texture": "#6"},
				"up": {"uv": [1.5, 1.5, 2.25, 2.25], "texture": "#6", "rotation": 180},
				"down": {"uv": [1.5, 1.5, 2.25, 2.25], "texture": "#6", "rotation": 180}
			}
		},
		{
			"from": [4.37963, 0.12664, 8.93586],
			"to": [5.12963, 0.37664, 9.68586],
			"rotation": {"angle": 0, "axis": "y", "origin": [4.75463, 0.25164, 9.31086]},
			"faces": {
				"north": {"uv": [0, 0, 0.75, 0.25], "texture": "#3"},
				"east": {"uv": [0, 0, 0.75, 0.25], "texture": "#3"},
				"south": {"uv": [0, 0, 0.75, 0.25], "texture": "#3"},
				"west": {"uv": [0, 0, 0.75, 0.25], "texture": "#3"},
				"up": {"uv": [1.5, 1.5, 2.25, 2.25], "texture": "#3", "rotation": 180},
				"down": {"uv": [1.5, 1.5, 2.25, 2.25], "texture": "#3", "rotation": 180}
			}
		},
		{
			"from": [4.62963, 0.12664, 9.93586],
			"to": [5.37963, 0.37664, 10.68586],
			"rotation": {"angle": 0, "axis": "y", "origin": [5.00463, 0.25164, 10.31086]},
			"faces": {
				"north": {"uv": [0, 0, 0.75, 0.25], "texture": "#3"},
				"east": {"uv": [0, 0, 0.75, 0.25], "texture": "#3"},
				"south": {"uv": [0, 0, 0.75, 0.25], "texture": "#3"},
				"west": {"uv": [0, 0, 0.75, 0.25], "texture": "#3"},
				"up": {"uv": [1.5, 1.5, 2.25, 2.25], "texture": "#3", "rotation": 180},
				"down": {"uv": [1.5, 1.5, 2.25, 2.25], "texture": "#3", "rotation": 180}
			}
		},
		{
			"from": [4.37963, 0.12664, 10.93586],
			"to": [5.12963, 0.37664, 11.68586],
			"rotation": {"angle": 0, "axis": "y", "origin": [4.75463, 0.25164, 11.31086]},
			"faces": {
				"north": {"uv": [0, 0, 0.75, 0.25], "texture": "#3"},
				"east": {"uv": [0, 0, 0.75, 0.25], "texture": "#3"},
				"south": {"uv": [0, 0, 0.75, 0.25], "texture": "#3"},
				"west": {"uv": [0, 0, 0.75, 0.25], "texture": "#3"},
				"up": {"uv": [1.5, 1.5, 2.25, 2.25], "texture": "#3", "rotation": 180},
				"down": {"uv": [1.5, 1.5, 2.25, 2.25], "texture": "#3", "rotation": 180}
			}
		},
		{
			"from": [3.62963, 0.12664, 9.93586],
			"to": [4.37963, 0.37664, 10.68586],
			"rotation": {"angle": 0, "axis": "y", "origin": [4.00463, 0.25164, 10.31086]},
			"faces": {
				"north": {"uv": [0, 0, 0.75, 0.25], "texture": "#3"},
				"east": {"uv": [0, 0, 0.75, 0.25], "texture": "#3"},
				"south": {"uv": [0, 0, 0.75, 0.25], "texture": "#3"},
				"west": {"uv": [0, 0, 0.75, 0.25], "texture": "#3"},
				"up": {"uv": [1.5, 1.5, 2.25, 2.25], "texture": "#3", "rotation": 180},
				"down": {"uv": [1.5, 1.5, 2.25, 2.25], "texture": "#3", "rotation": 180}
			}
		},
		{
			"from": [3.37963, 0.12664, 8.93586],
			"to": [4.12963, 0.37664, 9.68586],
			"rotation": {"angle": 0, "axis": "y", "origin": [3.75463, 0.25164, 9.31086]},
			"faces": {
				"north": {"uv": [0, 0, 0.75, 0.25], "texture": "#3"},
				"east": {"uv": [0, 0, 0.75, 0.25], "texture": "#3"},
				"south": {"uv": [0, 0, 0.75, 0.25], "texture": "#3"},
				"west": {"uv": [0, 0, 0.75, 0.25], "texture": "#3"},
				"up": {"uv": [1.5, 1.5, 2.25, 2.25], "texture": "#3", "rotation": 180},
				"down": {"uv": [1.5, 1.5, 2.25, 2.25], "texture": "#3", "rotation": 180}
			}
		},
		{
			"from": [3.12963, 0.12664, 7.93586],
			"to": [3.87963, 0.37664, 8.68586],
			"rotation": {"angle": 0, "axis": "y", "origin": [3.50463, 0.25164, 8.31086]},
			"faces": {
				"north": {"uv": [0, 0, 0.75, 0.25], "texture": "#6"},
				"east": {"uv": [0, 0, 0.75, 0.25], "texture": "#6"},
				"south": {"uv": [0, 0, 0.75, 0.25], "texture": "#6"},
				"west": {"uv": [0, 0, 0.75, 0.25], "texture": "#6"},
				"up": {"uv": [1.5, 1.5, 2.25, 2.25], "texture": "#6", "rotation": 180},
				"down": {"uv": [1.5, 1.5, 2.25, 2.25], "texture": "#6", "rotation": 180}
			}
		},
		{
			"from": [2.12963, 0.12664, 7.93586],
			"to": [2.87963, 0.37664, 8.68586],
			"rotation": {"angle": 0, "axis": "y", "origin": [2.50463, 0.25164, 8.31086]},
			"faces": {
				"north": {"uv": [0, 0, 0.75, 0.25], "texture": "#6"},
				"east": {"uv": [0, 0, 0.75, 0.25], "texture": "#6"},
				"south": {"uv": [0, 0, 0.75, 0.25], "texture": "#6"},
				"west": {"uv": [0, 0, 0.75, 0.25], "texture": "#6"},
				"up": {"uv": [1.5, 1.5, 2.25, 2.25], "texture": "#6", "rotation": 180},
				"down": {"uv": [1.5, 1.5, 2.25, 2.25], "texture": "#6", "rotation": 180}
			}
		},
		{
			"from": [2.37963, 0.12664, 8.93586],
			"to": [3.12963, 0.37664, 9.68586],
			"rotation": {"angle": 0, "axis": "y", "origin": [2.75463, 0.25164, 9.31086]},
			"faces": {
				"north": {"uv": [0, 0, 0.75, 0.25], "texture": "#3"},
				"east": {"uv": [0, 0, 0.75, 0.25], "texture": "#3"},
				"south": {"uv": [0, 0, 0.75, 0.25], "texture": "#3"},
				"west": {"uv": [0, 0, 0.75, 0.25], "texture": "#3"},
				"up": {"uv": [1.5, 1.5, 2.25, 2.25], "texture": "#3", "rotation": 180},
				"down": {"uv": [1.5, 1.5, 2.25, 2.25], "texture": "#3", "rotation": 180}
			}
		},
		{
			"from": [2.62963, 0.12664, 9.93586],
			"to": [3.37963, 0.37664, 10.68586],
			"rotation": {"angle": 0, "axis": "y", "origin": [3.00463, 0.25164, 10.31086]},
			"faces": {
				"north": {"uv": [0, 0, 0.75, 0.25], "texture": "#3"},
				"east": {"uv": [0, 0, 0.75, 0.25], "texture": "#3"},
				"south": {"uv": [0, 0, 0.75, 0.25], "texture": "#3"},
				"west": {"uv": [0, 0, 0.75, 0.25], "texture": "#3"},
				"up": {"uv": [1.5, 1.5, 2.25, 2.25], "texture": "#3", "rotation": 180},
				"down": {"uv": [1.5, 1.5, 2.25, 2.25], "texture": "#3", "rotation": 180}
			}
		},
		{
			"from": [3.37963, 0.12664, 10.93586],
			"to": [4.12963, 0.37664, 11.68586],
			"rotation": {"angle": 0, "axis": "y", "origin": [3.75463, 0.25164, 11.31086]},
			"faces": {
				"north": {"uv": [0, 0, 0.75, 0.25], "texture": "#3"},
				"east": {"uv": [0, 0, 0.75, 0.25], "texture": "#3"},
				"south": {"uv": [0, 0, 0.75, 0.25], "texture": "#3"},
				"west": {"uv": [0, 0, 0.75, 0.25], "texture": "#3"},
				"up": {"uv": [1.5, 1.5, 2.25, 2.25], "texture": "#3", "rotation": 180},
				"down": {"uv": [1.5, 1.5, 2.25, 2.25], "texture": "#3", "rotation": 180}
			}
		},
		{
			"from": [2.37963, 0.12664, 10.93586],
			"to": [3.12963, 0.37664, 11.68586],
			"rotation": {"angle": 0, "axis": "y", "origin": [2.75463, 0.25164, 11.31086]},
			"faces": {
				"north": {"uv": [0, 0, 0.75, 0.25], "texture": "#3"},
				"east": {"uv": [0, 0, 0.75, 0.25], "texture": "#3"},
				"south": {"uv": [0, 0, 0.75, 0.25], "texture": "#3"},
				"west": {"uv": [0, 0, 0.75, 0.25], "texture": "#3"},
				"up": {"uv": [1.5, 1.5, 2.25, 2.25], "texture": "#3", "rotation": 180},
				"down": {"uv": [1.5, 1.5, 2.25, 2.25], "texture": "#3", "rotation": 180}
			}
		},
		{
			"from": [1.62963, 0.12664, 9.93586],
			"to": [2.37963, 0.37664, 10.68586],
			"rotation": {"angle": 0, "axis": "y", "origin": [2.00463, 0.25164, 10.31086]},
			"faces": {
				"north": {"uv": [0, 0, 0.75, 0.25], "texture": "#3"},
				"east": {"uv": [0, 0, 0.75, 0.25], "texture": "#3"},
				"south": {"uv": [0, 0, 0.75, 0.25], "texture": "#3"},
				"west": {"uv": [0, 0, 0.75, 0.25], "texture": "#3"},
				"up": {"uv": [1.5, 1.5, 2.25, 2.25], "texture": "#3", "rotation": 180},
				"down": {"uv": [1.5, 1.5, 2.25, 2.25], "texture": "#3", "rotation": 180}
			}
		},
		{
			"from": [1.37963, 0.12664, 8.93586],
			"to": [2.12963, 0.37664, 9.68586],
			"rotation": {"angle": 0, "axis": "y", "origin": [1.75463, 0.25164, 9.31086]},
			"faces": {
				"north": {"uv": [0, 0, 0.75, 0.25], "texture": "#3"},
				"east": {"uv": [0, 0, 0.75, 0.25], "texture": "#3"},
				"south": {"uv": [0, 0, 0.75, 0.25], "texture": "#3"},
				"west": {"uv": [0, 0, 0.75, 0.25], "texture": "#3"},
				"up": {"uv": [1.5, 1.5, 2.25, 2.25], "texture": "#3", "rotation": 180},
				"down": {"uv": [1.5, 1.5, 2.25, 2.25], "texture": "#3", "rotation": 180}
			}
		},
		{
			"from": [1.12963, 0.12664, 7.93586],
			"to": [1.87963, 0.37664, 8.68586],
			"rotation": {"angle": 0, "axis": "y", "origin": [1.50463, 0.25164, 8.31086]},
			"faces": {
				"north": {"uv": [0, 0, 0.75, 0.25], "texture": "#6"},
				"east": {"uv": [0, 0, 0.75, 0.25], "texture": "#6"},
				"south": {"uv": [0, 0, 0.75, 0.25], "texture": "#6"},
				"west": {"uv": [0, 0, 0.75, 0.25], "texture": "#6"},
				"up": {"uv": [1.5, 1.5, 2.25, 2.25], "texture": "#6", "rotation": 180},
				"down": {"uv": [1.5, 1.5, 2.25, 2.25], "texture": "#6", "rotation": 180}
			}
		},
		{
			"from": [0.12963, 0.12664, 7.93586],
			"to": [0.87963, 0.37664, 8.68586],
			"rotation": {"angle": 0, "axis": "y", "origin": [0.50463, 0.25164, 8.31086]},
			"faces": {
				"north": {"uv": [0, 0, 0.75, 0.25], "texture": "#6"},
				"east": {"uv": [0, 0, 0.75, 0.25], "texture": "#6"},
				"south": {"uv": [0, 0, 0.75, 0.25], "texture": "#6"},
				"west": {"uv": [0, 0, 0.75, 0.25], "texture": "#6"},
				"up": {"uv": [1.5, 1.5, 2.25, 2.25], "texture": "#6", "rotation": 180},
				"down": {"uv": [1.5, 1.5, 2.25, 2.25], "texture": "#6", "rotation": 180}
			}
		},
		{
			"from": [0.37963, 0.12664, 8.93586],
			"to": [1.12963, 0.37664, 9.68586],
			"rotation": {"angle": 0, "axis": "y", "origin": [0.75463, 0.25164, 9.31086]},
			"faces": {
				"north": {"uv": [0, 0, 0.75, 0.25], "texture": "#3"},
				"east": {"uv": [0, 0, 0.75, 0.25], "texture": "#3"},
				"south": {"uv": [0, 0, 0.75, 0.25], "texture": "#3"},
				"west": {"uv": [0, 0, 0.75, 0.25], "texture": "#3"},
				"up": {"uv": [1.5, 1.5, 2.25, 2.25], "texture": "#3", "rotation": 180},
				"down": {"uv": [1.5, 1.5, 2.25, 2.25], "texture": "#3", "rotation": 180}
			}
		},
		{
			"from": [0.62963, 0.12664, 9.93586],
			"to": [1.37963, 0.37664, 10.68586],
			"rotation": {"angle": 0, "axis": "y", "origin": [1.00463, 0.25164, 10.31086]},
			"faces": {
				"north": {"uv": [0, 0, 0.75, 0.25], "texture": "#2"},
				"east": {"uv": [0, 0, 0.75, 0.25], "texture": "#2"},
				"south": {"uv": [0, 0, 0.75, 0.25], "texture": "#2"},
				"west": {"uv": [0, 0, 0.75, 0.25], "texture": "#2"},
				"up": {"uv": [1.5, 1.5, 2.25, 2.25], "texture": "#2", "rotation": 180},
				"down": {"uv": [1.5, 1.5, 2.25, 2.25], "texture": "#2", "rotation": 180}
			}
		},
		{
			"from": [1.37963, 0.12664, 10.93586],
			"to": [2.12963, 0.37664, 11.68586],
			"rotation": {"angle": 0, "axis": "y", "origin": [1.75463, 0.25164, 11.31086]},
			"faces": {
				"north": {"uv": [0, 0, 0.75, 0.25], "texture": "#3"},
				"east": {"uv": [0, 0, 0.75, 0.25], "texture": "#3"},
				"south": {"uv": [0, 0, 0.75, 0.25], "texture": "#3"},
				"west": {"uv": [0, 0, 0.75, 0.25], "texture": "#3"},
				"up": {"uv": [1.5, 1.5, 2.25, 2.25], "texture": "#3", "rotation": 180},
				"down": {"uv": [1.5, 1.5, 2.25, 2.25], "texture": "#3", "rotation": 180}
			}
		},
		{
			"from": [0.37963, 0.12664, 10.93586],
			"to": [1.12963, 0.37664, 11.68586],
			"rotation": {"angle": 0, "axis": "y", "origin": [0.75463, 0.25164, 11.31086]},
			"faces": {
				"north": {"uv": [0, 0, 0.75, 0.25], "texture": "#3"},
				"east": {"uv": [0, 0, 0.75, 0.25], "texture": "#3"},
				"south": {"uv": [0, 0, 0.75, 0.25], "texture": "#3"},
				"west": {"uv": [0, 0, 0.75, 0.25], "texture": "#3"},
				"up": {"uv": [1.5, 1.5, 2.25, 2.25], "texture": "#3", "rotation": 180},
				"down": {"uv": [1.5, 1.5, 2.25, 2.25], "texture": "#3", "rotation": 180}
			}
		},
		{
			"from": [-0.37037, 0.12664, 9.93586],
			"to": [0.37963, 0.37664, 10.68586],
			"rotation": {"angle": 0, "axis": "y", "origin": [0.00463, 0.25164, 10.31086]},
			"faces": {
				"north": {"uv": [0, 0, 0.75, 0.25], "texture": "#2"},
				"east": {"uv": [0, 0, 0.75, 0.25], "texture": "#2"},
				"south": {"uv": [0, 0, 0.75, 0.25], "texture": "#2"},
				"west": {"uv": [0, 0, 0.75, 0.25], "texture": "#2"},
				"up": {"uv": [1.5, 1.5, 2.25, 2.25], "texture": "#2", "rotation": 180},
				"down": {"uv": [1.5, 1.5, 2.25, 2.25], "texture": "#2", "rotation": 180}
			}
		},
		{
			"from": [-0.62037, 0.12664, 8.93586],
			"to": [0.12963, 0.37664, 9.68586],
			"rotation": {"angle": 0, "axis": "y", "origin": [-0.24537, 0.25164, 9.31086]},
			"faces": {
				"north": {"uv": [0, 0, 0.75, 0.25], "texture": "#2"},
				"east": {"uv": [0, 0, 0.75, 0.25], "texture": "#2"},
				"south": {"uv": [0, 0, 0.75, 0.25], "texture": "#2"},
				"west": {"uv": [0, 0, 0.75, 0.25], "texture": "#2"},
				"up": {"uv": [1.5, 1.5, 2.25, 2.25], "texture": "#2", "rotation": 180},
				"down": {"uv": [1.5, 1.5, 2.25, 2.25], "texture": "#2", "rotation": 180}
			}
		},
		{
			"from": [-0.87037, 0.12664, 7.93586],
			"to": [-0.12037, 0.37664, 8.68586],
			"rotation": {"angle": 0, "axis": "y", "origin": [-0.49537, 0.25164, 8.31086]},
			"faces": {
				"north": {"uv": [0, 0, 0.75, 0.25], "texture": "#6"},
				"east": {"uv": [0, 0, 0.75, 0.25], "texture": "#6"},
				"south": {"uv": [0, 0, 0.75, 0.25], "texture": "#6"},
				"west": {"uv": [0, 0, 0.75, 0.25], "texture": "#6"},
				"up": {"uv": [1.5, 1.5, 2.25, 2.25], "texture": "#6", "rotation": 180},
				"down": {"uv": [1.5, 1.5, 2.25, 2.25], "texture": "#6", "rotation": 180}
			}
		},
		{
			"from": [-1.87037, 0.12664, 7.93586],
			"to": [-1.12037, 0.37664, 8.68586],
			"rotation": {"angle": 0, "axis": "y", "origin": [-1.49537, 0.25164, 8.31086]},
			"faces": {
				"north": {"uv": [0, 0, 0.75, 0.25], "texture": "#6"},
				"east": {"uv": [0, 0, 0.75, 0.25], "texture": "#6"},
				"south": {"uv": [0, 0, 0.75, 0.25], "texture": "#6"},
				"west": {"uv": [0, 0, 0.75, 0.25], "texture": "#6"},
				"up": {"uv": [1.5, 1.5, 2.25, 2.25], "texture": "#6", "rotation": 180},
				"down": {"uv": [1.5, 1.5, 2.25, 2.25], "texture": "#6", "rotation": 180}
			}
		},
		{
			"from": [-1.62037, 0.12664, 8.93586],
			"to": [-0.87037, 0.37664, 9.68586],
			"rotation": {"angle": 0, "axis": "y", "origin": [-1.24537, 0.25164, 9.31086]},
			"faces": {
				"north": {"uv": [0, 0, 0.75, 0.25], "texture": "#3"},
				"east": {"uv": [0, 0, 0.75, 0.25], "texture": "#3"},
				"south": {"uv": [0, 0, 0.75, 0.25], "texture": "#3"},
				"west": {"uv": [0, 0, 0.75, 0.25], "texture": "#3"},
				"up": {"uv": [1.5, 1.5, 2.25, 2.25], "texture": "#3", "rotation": 180},
				"down": {"uv": [1.5, 1.5, 2.25, 2.25], "texture": "#3", "rotation": 180}
			}
		},
		{
			"from": [-1.37037, 0.12664, 9.93586],
			"to": [-0.62037, 0.37664, 10.68586],
			"rotation": {"angle": 0, "axis": "y", "origin": [-0.99537, 0.25164, 10.31086]},
			"faces": {
				"north": {"uv": [0, 0, 0.75, 0.25], "texture": "#2"},
				"east": {"uv": [0, 0, 0.75, 0.25], "texture": "#2"},
				"south": {"uv": [0, 0, 0.75, 0.25], "texture": "#2"},
				"west": {"uv": [0, 0, 0.75, 0.25], "texture": "#2"},
				"up": {"uv": [1.5, 1.5, 2.25, 2.25], "texture": "#2", "rotation": 180},
				"down": {"uv": [1.5, 1.5, 2.25, 2.25], "texture": "#2", "rotation": 180}
			}
		},
		{
			"from": [-0.62037, 0.12664, 10.93586],
			"to": [0.12963, 0.37664, 11.68586],
			"rotation": {"angle": 0, "axis": "y", "origin": [-0.24537, 0.25164, 11.31086]},
			"faces": {
				"north": {"uv": [0, 0, 0.75, 0.25], "texture": "#3"},
				"east": {"uv": [0, 0, 0.75, 0.25], "texture": "#3"},
				"south": {"uv": [0, 0, 0.75, 0.25], "texture": "#3"},
				"west": {"uv": [0, 0, 0.75, 0.25], "texture": "#3"},
				"up": {"uv": [1.5, 1.5, 2.25, 2.25], "texture": "#3", "rotation": 180},
				"down": {"uv": [1.5, 1.5, 2.25, 2.25], "texture": "#3", "rotation": 180}
			}
		},
		{
			"from": [-2.87037, 0.12664, 7.93586],
			"to": [-2.12037, 0.37664, 8.68586],
			"rotation": {"angle": 0, "axis": "y", "origin": [-2.49537, 0.25164, 8.31086]},
			"faces": {
				"north": {"uv": [0, 0, 0.75, 0.25], "texture": "#3"},
				"east": {"uv": [0, 0, 0.75, 0.25], "texture": "#3"},
				"south": {"uv": [0, 0, 0.75, 0.25], "texture": "#3"},
				"west": {"uv": [0, 0, 0.75, 0.25], "texture": "#3"},
				"up": {"uv": [1.5, 1.5, 2.25, 2.25], "texture": "#3", "rotation": 180},
				"down": {"uv": [1.5, 1.5, 2.25, 2.25], "texture": "#3", "rotation": 180}
			}
		},
		{
			"name": "esc",
			"from": [-2.87037, 0.12664, 6.68586],
			"to": [-2.12037, 0.37664, 7.18586],
			"rotation": {"angle": 0, "axis": "y", "origin": [-2.49537, 0.25164, 6.93586]},
			"faces": {
				"north": {"uv": [0, 0, 0.75, 0.25], "texture": "#5"},
				"east": {"uv": [0, 0, 0.5, 0.25], "texture": "#5"},
				"south": {"uv": [0, 0, 0.75, 0.25], "texture": "#5"},
				"west": {"uv": [0, 0, 0.5, 0.25], "texture": "#5"},
				"up": {"uv": [1.5, 1, 2.25, 1.5], "texture": "#5", "rotation": 180},
				"down": {"uv": [1.5, 1, 2.25, 1.5], "texture": "#5", "rotation": 180}
			}
		},
		{
			"from": [9.62963, 0.12664, 9.93586],
			"to": [11.62963, 0.37664, 10.68586],
			"rotation": {"angle": 0, "axis": "y", "origin": [10.62963, 0.25164, 10.31086]},
			"faces": {
				"north": {"uv": [0, 0, 2, 0.25], "texture": "#3"},
				"east": {"uv": [0, 0, 0.75, 0.25], "texture": "#3"},
				"south": {"uv": [0, 0, 2, 0.25], "texture": "#3"},
				"west": {"uv": [0, 0, 0.75, 0.25], "texture": "#3"},
				"up": {"uv": [4, 1.5, 6, 2.25], "texture": "#3", "rotation": 180},
				"down": {"uv": [4, 1.5, 6, 2.25], "texture": "#3", "rotation": 180}
			}
		},
		{
			"from": [10.12963, 0.12664, 7.93586],
			"to": [11.62963, 0.37664, 8.68586],
			"rotation": {"angle": 0, "axis": "y", "origin": [10.87963, 0.25164, 8.31086]},
			"faces": {
				"north": {"uv": [0, 0, 1.5, 0.25], "texture": "#3"},
				"east": {"uv": [0, 0, 0.75, 0.25], "texture": "#3"},
				"south": {"uv": [0, 0, 1.5, 0.25], "texture": "#3"},
				"west": {"uv": [0, 0, 0.75, 0.25], "texture": "#3"},
				"up": {"uv": [3, 1.5, 4.5, 2.25], "texture": "#3", "rotation": 180},
				"down": {"uv": [3, 1.5, 4.5, 2.25], "texture": "#3", "rotation": 180}
			}
		},
		{
			"from": [10.37963, 0.12664, 8.93586],
			"to": [11.62963, 0.37664, 9.68586],
			"rotation": {"angle": 0, "axis": "y", "origin": [11.00463, 0.25164, 9.31086]},
			"faces": {
				"north": {"uv": [0, 0, 1.25, 0.25], "texture": "#3"},
				"east": {"uv": [0, 0, 0.75, 0.25], "texture": "#3"},
				"south": {"uv": [0, 0, 1.25, 0.25], "texture": "#3"},
				"west": {"uv": [0, 0, 0.75, 0.25], "texture": "#3"},
				"up": {"uv": [2.5, 1.5, 3.75, 2.25], "texture": "#3", "rotation": 180},
				"down": {"uv": [2.5, 1.5, 3.75, 2.25], "texture": "#3", "rotation": 180}
			}
		},
		{
			"from": [9.37963, 0.12664, 10.93586],
			"to": [11.62963, 0.37664, 11.68586],
			"rotation": {"angle": 0, "axis": "y", "origin": [10.50463, 0.25164, 11.31086]},
			"faces": {
				"north": {"uv": [0, 0, 2.25, 0.25], "texture": "#3"},
				"east": {"uv": [0, 0, 0.75, 0.25], "texture": "#3"},
				"south": {"uv": [0, 0, 2.25, 0.25], "texture": "#3"},
				"west": {"uv": [0, 0, 0.75, 0.25], "texture": "#3"},
				"up": {"uv": [4.5, 1.5, 6.75, 2.25], "texture": "#3", "rotation": 180},
				"down": {"uv": [4.5, 1.5, 6.75, 2.25], "texture": "#3", "rotation": 180}
			}
		},
		{
			"name": "space",
			"from": [0.87963, 0.12664, 11.93586],
			"to": [6.62963, 0.37664, 12.68586],
			"rotation": {"angle": 0, "axis": "y", "origin": [3.75463, 0.25164, 12.31086]},
			"faces": {
				"north": {"uv": [0, 0, 5.75, 0.25], "texture": "#2"},
				"east": {"uv": [0, 0, 0.75, 0.25], "texture": "#2"},
				"south": {"uv": [0, 0, 5.75, 0.25], "texture": "#2"},
				"west": {"uv": [0, 0, 0.75, 0.25], "texture": "#2"},
				"up": {"uv": [10.25, 1.5, 16, 2.25], "texture": "#2", "rotation": 180},
				"down": {"uv": [10.25, 1.5, 16, 2.25], "texture": "#2", "rotation": 180}
			}
		},
		{
			"from": [-2.87037, 0.12664, 10.93586],
			"to": [-0.87037, 0.37664, 11.68586],
			"rotation": {"angle": 0, "axis": "y", "origin": [-1.87037, 0.25164, 11.31086]},
			"faces": {
				"north": {"uv": [0, 0, 2, 0.25], "texture": "#2"},
				"east": {"uv": [0, 0, 0.75, 0.25], "texture": "#2"},
				"south": {"uv": [0, 0, 2, 0.25], "texture": "#2"},
				"west": {"uv": [0, 0, 0.75, 0.25], "texture": "#2"},
				"up": {"uv": [4, 1.5, 6, 2.25], "texture": "#2", "rotation": 180},
				"down": {"uv": [4, 1.5, 6, 2.25], "texture": "#2", "rotation": 180}
			}
		},
		{
			"from": [-2.87037, 0.12664, 9.93586],
			"to": [-1.62037, 0.37664, 10.68586],
			"rotation": {"angle": 0, "axis": "y", "origin": [-2.24537, 0.25164, 10.31086]},
			"faces": {
				"north": {"uv": [0, 0, 1.25, 0.25], "texture": "#3"},
				"east": {"uv": [0, 0, 0.75, 0.25], "texture": "#3"},
				"south": {"uv": [0, 0, 1.25, 0.25], "texture": "#3"},
				"west": {"uv": [0, 0, 0.75, 0.25], "texture": "#3"},
				"up": {"uv": [2.5, 1.5, 3.75, 2.25], "texture": "#3", "rotation": 180},
				"down": {"uv": [2.5, 1.5, 3.75, 2.25], "texture": "#3", "rotation": 180}
			}
		},
		{
			"from": [-2.87037, 0.12664, 8.93586],
			"to": [-1.87037, 0.37664, 9.68586],
			"rotation": {"angle": 0, "axis": "y", "origin": [-2.37037, 0.25164, 9.31086]},
			"faces": {
				"north": {"uv": [0, 0, 1, 0.25], "texture": "#3"},
				"east": {"uv": [0, 0, 0.75, 0.25], "texture": "#3"},
				"south": {"uv": [0, 0, 1, 0.25], "texture": "#3"},
				"west": {"uv": [0, 0, 0.75, 0.25], "texture": "#3"},
				"up": {"uv": [2, 1.5, 3, 2.25], "texture": "#3", "rotation": 180},
				"down": {"uv": [2, 1.5, 3, 2.25], "texture": "#3", "rotation": 180}
			}
		},
		{
			"from": [-2.87037, 0.12664, 11.93586],
			"to": [-1.87037, 0.37664, 12.68586],
			"rotation": {"angle": 0, "axis": "y", "origin": [-2.37037, 0.25164, 12.31086]},
			"faces": {
				"north": {"uv": [0, 0, 1, 0.25], "texture": "#3"},
				"east": {"uv": [0, 0, 0.75, 0.25], "texture": "#3"},
				"south": {"uv": [0, 0, 1, 0.25], "texture": "#3"},
				"west": {"uv": [0, 0, 0.75, 0.25], "texture": "#3"},
				"up": {"uv": [2, 1.5, 3, 2.25], "texture": "#3", "rotation": 180},
				"down": {"uv": [2, 1.5, 3, 2.25], "texture": "#3", "rotation": 180}
			}
		},
		{
			"from": [-1.62037, 0.12664, 11.93586],
			"to": [-0.62037, 0.37664, 12.68586],
			"rotation": {"angle": 0, "axis": "y", "origin": [-1.12037, 0.25164, 12.31086]},
			"faces": {
				"north": {"uv": [0, 0, 1, 0.25], "texture": "#3"},
				"east": {"uv": [0, 0, 0.75, 0.25], "texture": "#3"},
				"south": {"uv": [0, 0, 1, 0.25], "texture": "#3"},
				"west": {"uv": [0, 0, 0.75, 0.25], "texture": "#3"},
				"up": {"uv": [2, 1.5, 3, 2.25], "texture": "#3", "rotation": 180},
				"down": {"uv": [2, 1.5, 3, 2.25], "texture": "#3", "rotation": 180}
			}
		},
		{
			"from": [-0.37037, 0.12664, 11.93586],
			"to": [0.62963, 0.37664, 12.68586],
			"rotation": {"angle": 0, "axis": "y", "origin": [0.12963, 0.25164, 12.31086]},
			"faces": {
				"north": {"uv": [0, 0, 1, 0.25], "texture": "#3"},
				"east": {"uv": [0, 0, 0.75, 0.25], "texture": "#3"},
				"south": {"uv": [0, 0, 1, 0.25], "texture": "#3"},
				"west": {"uv": [0, 0, 0.75, 0.25], "texture": "#3"},
				"up": {"uv": [2, 1.5, 3, 2.25], "texture": "#3", "rotation": 180},
				"down": {"uv": [2, 1.5, 3, 2.25], "texture": "#3", "rotation": 180}
			}
		},
		{
			"from": [6.87963, 0.12664, 11.93586],
			"to": [7.87963, 0.37664, 12.68586],
			"rotation": {"angle": 0, "axis": "y", "origin": [7.37963, 0.25164, 12.31086]},
			"faces": {
				"north": {"uv": [0, 0, 1, 0.25], "texture": "#3"},
				"east": {"uv": [0, 0, 0.75, 0.25], "texture": "#3"},
				"south": {"uv": [0, 0, 1, 0.25], "texture": "#3"},
				"west": {"uv": [0, 0, 0.75, 0.25], "texture": "#3"},
				"up": {"uv": [2, 1.5, 3, 2.25], "texture": "#3", "rotation": 180},
				"down": {"uv": [2, 1.5, 3, 2.25], "texture": "#3", "rotation": 180}
			}
		},
		{
			"from": [8.12963, 0.12664, 11.93586],
			"to": [9.12963, 0.37664, 12.68586],
			"rotation": {"angle": 0, "axis": "y", "origin": [8.62963, 0.25164, 12.31086]},
			"faces": {
				"north": {"uv": [0, 0, 1, 0.25], "texture": "#3"},
				"east": {"uv": [0, 0, 0.75, 0.25], "texture": "#3"},
				"south": {"uv": [0, 0, 1, 0.25], "texture": "#3"},
				"west": {"uv": [0, 0, 0.75, 0.25], "texture": "#3"},
				"up": {"uv": [2, 1.5, 3, 2.25], "texture": "#3", "rotation": 180},
				"down": {"uv": [2, 1.5, 3, 2.25], "texture": "#3", "rotation": 180}
			}
		},
		{
			"from": [9.37963, 0.12664, 11.93586],
			"to": [10.37963, 0.37664, 12.68586],
			"rotation": {"angle": 0, "axis": "y", "origin": [9.87963, 0.25164, 12.31086]},
			"faces": {
				"north": {"uv": [0, 0, 1, 0.25], "texture": "#3"},
				"east": {"uv": [0, 0, 0.75, 0.25], "texture": "#3"},
				"south": {"uv": [0, 0, 1, 0.25], "texture": "#3"},
				"west": {"uv": [0, 0, 0.75, 0.25], "texture": "#3"},
				"up": {"uv": [2, 1.5, 3, 2.25], "texture": "#3", "rotation": 180},
				"down": {"uv": [2, 1.5, 3, 2.25], "texture": "#3", "rotation": 180}
			}
		},
		{
			"from": [10.62963, 0.12664, 11.93586],
			"to": [11.62963, 0.37664, 12.68586],
			"rotation": {"angle": 0, "axis": "y", "origin": [11.12963, 0.25164, 12.31086]},
			"faces": {
				"north": {"uv": [0, 0, 1, 0.25], "texture": "#3"},
				"east": {"uv": [0, 0, 0.75, 0.25], "texture": "#3"},
				"south": {"uv": [0, 0, 1, 0.25], "texture": "#3"},
				"west": {"uv": [0, 0, 0.75, 0.25], "texture": "#3"},
				"up": {"uv": [2, 1.5, 3, 2.25], "texture": "#3", "rotation": 180},
				"down": {"uv": [2, 1.5, 3, 2.25], "texture": "#3", "rotation": 180}
			}
		},
		{
			"from": [-4.75, 3.5, 3.13333],
			"to": [20.75, 17.5, 4.38333],
			"faces": {
				"north": {"uv": [0, 2, 16, 16], "texture": "#1_0"},
				"east": {"uv": [0, 0, 1.25, 14], "texture": "#1_0"},
				"south": {"uv": [0, 0, 16, 14], "texture": "#1_1"},
				"west": {"uv": [0, 0, 1.25, 14], "texture": "#1_0"},
				"up": {"uv": [2.5, 0, 3.75, 16], "texture": "#1_0", "rotation": 270},
				"down": {"uv": [2.5, 0, 3.75, 16], "texture": "#1_0", "rotation": 90}
			}
		},
		{
			"from": [-4.75, 2.5, 3.13333],
			"to": [20.75, 3.5, 4.63333],
			"faces": {
				"north": {"uv": [0, 0, 16, 1], "texture": "#1_0"},
				"east": {"uv": [0, 0, 1.5, 1], "texture": "#1_0"},
				"south": {"uv": [0, 0, 16, 1], "texture": "#1_0"},
				"west": {"uv": [0, 0, 1.5, 1], "texture": "#1_0"},
				"up": {"uv": [3, 0, 4.5, 16], "texture": "#1_0", "rotation": 270},
				"down": {"uv": [2, 0, 3.5, 16], "texture": "#1_0", "rotation": 90}
			}
		},
		{
			"from": [-5.5, 17.5, 3.13333],
			"to": [20.75, 18.25, 4.63333],
			"faces": {
				"north": {"uv": [0, 0, 16, 0.75], "texture": "#1_0"},
				"east": {"uv": [0, 0, 1.5, 0.75], "texture": "#1_0"},
				"south": {"uv": [0, 0, 16, 0.75], "texture": "#1_0"},
				"west": {"uv": [0, 0, 1.5, 0.75], "texture": "#1_0"},
				"up": {"uv": [2, 0, 3.5, 16], "texture": "#1_0", "rotation": 270},
				"down": {"uv": [3, 0, 4.5, 16], "texture": "#1_0", "rotation": 90}
			}
		},
		{
			"from": [20.75, 2.5, 3.13333],
			"to": [21.5, 18.25, 4.63333],
			"faces": {
				"north": {"uv": [0, 0, 0.75, 15.75], "texture": "#1_0"},
				"east": {"uv": [0, 0, 1.5, 15.75], "texture": "#1_0"},
				"south": {"uv": [0, 0, 0.75, 15.75], "texture": "#1_0"},
				"west": {"uv": [0, 0, 1.5, 15.75], "texture": "#1_0"},
				"up": {"uv": [3, 1, 4.5, 1.75], "texture": "#1_0", "rotation": 270},
				"down": {"uv": [3, 1, 4.5, 1.75], "texture": "#1_0", "rotation": 90}
			}
		},
		{
			"from": [-5.5, 2.5, 3.13333],
			"to": [-4.75, 17.5, 4.63333],
			"faces": {
				"north": {"uv": [0, 0, 0.75, 15], "texture": "#1_0"},
				"east": {"uv": [0, 0, 1.5, 15], "texture": "#1_0"},
				"south": {"uv": [0, 0, 0.75, 15], "texture": "#1_0"},
				"west": {"uv": [0, 0, 1.5, 15], "texture": "#1_0"},
				"up": {"uv": [3, 1, 4.5, 1.75], "texture": "#1_0", "rotation": 270},
				"down": {"uv": [3, 1, 4.5, 1.75], "texture": "#1_0", "rotation": 90}
			}
		},
		{
			"from": [19.75, 2.9, 4.63333],
			"to": [20.25, 3.15, 4.78333],
			"faces": {
				"north": {"uv": [0, 0, 0.5, 0.25], "texture": "#1_2"},
				"east": {"uv": [0, 0, 0.15, 0.25], "texture": "#1_2"},
				"south": {"uv": [0, 0, 0.5, 0.25], "texture": "#1_2"},
				"west": {"uv": [0, 0, 0.15, 0.25], "texture": "#1_2"},
				"up": {"uv": [0.5, 0.15, 1, 0.3], "texture": "#1_2"},
				"down": {"uv": [0.5, 0.15, 1, 0.3], "texture": "#1_2"}
			}
		},
		{
			"from": [6.25, 0, 1.75],
			"to": [9.75, 7.75, 2.75],
			"rotation": {"angle": 22.5, "axis": "x", "origin": [8, 4, 2.25]},
			"faces": {
				"north": {"uv": [0, 0, 3.5, 7.75], "texture": "#3"},
				"east": {"uv": [0, 0, 1, 7.75], "texture": "#3"},
				"south": {"uv": [0, 0, 3.5, 7.75], "texture": "#3"},
				"west": {"uv": [0, 0, 1, 7.75], "texture": "#3"},
				"up": {"uv": [3.5, 1, 0, 0], "texture": "#3"},
				"down": {"uv": [3.5, 1, 0, 0], "texture": "#3"}
			}
		},
		{
			"from": [4.75, 0, 0.25],
			"to": [11.25, 0.5, 5.25],
			"faces": {
				"north": {"uv": [0, 0, 6.5, 0.5], "texture": "#3"},
				"east": {"uv": [0, 0, 5, 0.5], "texture": "#3"},
				"south": {"uv": [0, 0, 6.5, 0.5], "texture": "#3"},
				"west": {"uv": [0, 0, 5, 0.5], "texture": "#3"},
				"up": {"uv": [6.5, 5, 0, 0], "texture": "#3"},
				"down": {"uv": [6.5, 5, 0, 0], "texture": "#3"}
			}
		}
	],
	"display": {
		"thirdperson_righthand": {
			"scale": [0.5, 0.5, 0.5],
			"rotation": [0, 180, 0],
			"translation": [0, 3, 1]
		},
		"head": {
			"translation": [0, 0, -7],
			"scale": [0.9, 0.9, 0.9]
		},
		"ground": {
			"rotation": [0, 0, 0],
			"translation": [0, 5, 0]
		},
		"fixed": {
			"scale": [1.6, 1.6, 1.65],
			"translation": [0, 0, 0.6]
		},
		"gui": {
			"rotation": [0, 180, 0]
		},
		"thirdperson_lefthand": {
			"scale": [0.5, 0.5, 0.5],
			"rotation": [0, 180, 0],
			"translation": [0, 3, 1]
		},
		"firstperson_righthand": {
			"scale": [0.7, 0.7, 0.7],
			"rotation": [0, 170, 0],
			"translation": [0, 3, 0]
		},
		"firstperson_lefthand": {
			"scale": [0.7, 0.7, 0.7],
			"rotation": [0, 170, 0],
			"translation": [0, 3, 0]
		}
	},
	"groups": [0, 1, 2, 3,
		{
			"name": "button",
			"isOpen": false,
			"shade": true,
			"display": {
				"visibility": true,
				"autouv": true
			},
			"children": [
				{
					"name": "f12",
					"isOpen": false,
					"shade": true,
					"display": {
						"visibility": true,
						"autouv": true
					},
					"children": [4, 5, 6, 7, 8, 9, 10, 11, 12, 13, 14, 15]
				},
				{
					"name": "normal",
					"isOpen": true,
					"shade": true,
					"display": {
						"visibility": true,
						"autouv": true
					},
					"children": [16, 17, 18, 19, 20, 21, 22, 23, 24, 25, 26, 27, 28, 29, 30, 31, 32, 33, 34, 35, 36, 37, 38, 39, 40, 41, 42, 43, 44, 45, 46, 47, 48, 49, 50, 51, 52, 53, 54, 55, 56, 57, 58, 59, 60, 61, 62, 63, 64, 65, 66, 67, 68, 69, 70, 71, 72, 73, 74, 75, 76, 77, 78, 79, 80, 81, 82, 83, 84, 85, 86, 87, 88, 89, 90, 91]
				}, 92, 93, 94, 95, 96, 97, 98, 99, 100, 101, 102, 103, 104, 105, 106, 107]
		},
		{
			"name": "screen_off",
			"shade": true,
			"display": {
				"visibility": true,
				"autouv": true
			},
			"children": [108, 109, 110, 111, 112, 113]
		}, 114, 115]
}