{
	"credit": "Made with Blockbench, a free, modern block model editor by JannisX11, model design by bill96012",
	"textures": {
		"0": "custom/gfplz",
		"1": "custom/concrete_gray",
		"particle": "custom/gfplz"
	},
	"elements": [
		{
			"from": [-15, 7.5, 1],
			"to": [31, 9.5, 15],
			"faces": {
				"north": {"uv": [0, 0, 16, 2], "texture": "#1"},
				"east": {"uv": [0, 0, 14, 2], "texture": "#1"},
				"south": {"uv": [0, 0, 16, 2], "texture": "#1"},
				"west": {"uv": [0, 0, 14, 2], "texture": "#1"},
				"up": {"uv": [0, 5.6, 16, 10.6], "texture": "#0", "rotation": 180},
				"down": {"uv": [0, 0, 16, 14], "texture": "#1"}
			}
		},
		{
			"from": [-15, 7.5, 15],
			"to": [31, 9.75, 16],
			"faces": {
				"north": {"uv": [0, 0, 16, 2.25], "texture": "#1"},
				"east": {"uv": [0, 0, 1, 2.25], "texture": "#1"},
				"south": {"uv": [0, 0, 16, 2.25], "texture": "#1"},
				"west": {"uv": [0, 0, 1, 2.25], "texture": "#1"},
				"up": {"uv": [0, 0, 16, 1], "texture": "#1"},
				"down": {"uv": [0, 0, 16, 1], "texture": "#1"}
			}
		},
		{
			"from": [31, 7.5, 0],
			"to": [32, 9.75, 16],
			"faces": {
				"north": {"uv": [0, 0, 1, 2.25], "texture": "#1"},
				"east": {"uv": [0, 0, 16, 2.25], "texture": "#1"},
				"south": {"uv": [0, 0, 1, 2.25], "texture": "#1"},
				"west": {"uv": [0, 0, 16, 2.25], "texture": "#1"},
				"up": {"uv": [0, 0, 1, 16], "texture": "#1"},
				"down": {"uv": [0, 0, 1, 16], "texture": "#1"}
			}
		},
		{
			"from": [-16, 7.5, 0],
			"to": [-15, 9.75, 16],
			"faces": {
				"north": {"uv": [0, 0, 1, 2.25], "texture": "#1"},
				"east": {"uv": [0, 0, 16, 2.25], "texture": "#1"},
				"south": {"uv": [0, 0, 1, 2.25], "texture": "#1"},
				"west": {"uv": [0, 0, 16, 2.25], "texture": "#1"},
				"up": {"uv": [0, 0, 1, 16], "texture": "#1"},
				"down": {"uv": [0, 0, 1, 16], "texture": "#1"}
			}
		},
		{
			"from": [-15, 7.5, 0],
			"to": [31, 9.75, 1],
			"faces": {
				"north": {"uv": [0, 0, 16, 2.25], "texture": "#1"},
				"east": {"uv": [0, 0, 1, 2.25], "texture": "#1"},
				"south": {"uv": [0, 0, 16, 2.25], "texture": "#1"},
				"west": {"uv": [0, 0, 1, 2.25], "texture": "#1"},
				"up": {"uv": [0, 0, 16, 1], "texture": "#1"},
				"down": {"uv": [0, 0, 16, 1], "texture": "#1"}
			}
		}
	],
	"display": {
		"thirdperson_righthand": {
			"scale": [0.65, 0.5, 0.65],
			"translation": [-6, 0.25, 4],
			"rotation": [-10, 0, 0]
		},
		"fixed": {
			"scale": [1.55, 1.5, 1.55],
			"rotation": [-90, 0, 0],
			"translation": [0, 0, 1.2]
		},
		"thirdperson_lefthand": {
			"translation": [-6, 0.25, 4],
			"scale": [0.65, 0.5, 0.65],
			"rotation": [-10, 0, 0]
		},
		"head": {
			"scale": [0.75, 0.75, 0.75],
			"rotation": [-90, 0, 0],
			"translation": [0, 12, 0]
		},
		"firstperson_righthand": {
			"scale": [0.1, 0.1, 0.1],
			"rotation": [85, 180, -15],
			"translation": [2, 2, 0]
		},
		"firstperson_lefthand": {
			"scale": [0.1, 0.1, 0.1],
			"rotation": [85, 180, -15],
			"translation": [2, 2, 0]
		},
		"ground": {
			"scale": [0.25, 0.25, 0.25],
			"rotation": [-90, 0, 0]
		},
		"gui": {
			"scale": [0.65, 1, 0.65],
			"rotation": [90, 180, 0]
		}
	}
}